[{"model": "auth.permission", "pk": 1, "fields": {"name": "Can add log entry", "content_type": 1, "codename": "add_logentry"}}, {"model": "auth.permission", "pk": 2, "fields": {"name": "Can change log entry", "content_type": 1, "codename": "change_logentry"}}, {"model": "auth.permission", "pk": 3, "fields": {"name": "Can delete log entry", "content_type": 1, "codename": "delete_logentry"}}, {"model": "auth.permission", "pk": 4, "fields": {"name": "Can view log entry", "content_type": 1, "codename": "view_logentry"}}, {"model": "auth.permission", "pk": 5, "fields": {"name": "Can add permission", "content_type": 2, "codename": "add_permission"}}, {"model": "auth.permission", "pk": 6, "fields": {"name": "Can change permission", "content_type": 2, "codename": "change_permission"}}, {"model": "auth.permission", "pk": 7, "fields": {"name": "Can delete permission", "content_type": 2, "codename": "delete_permission"}}, {"model": "auth.permission", "pk": 8, "fields": {"name": "Can view permission", "content_type": 2, "codename": "view_permission"}}, {"model": "auth.permission", "pk": 9, "fields": {"name": "Can add group", "content_type": 3, "codename": "add_group"}}, {"model": "auth.permission", "pk": 10, "fields": {"name": "Can change group", "content_type": 3, "codename": "change_group"}}, {"model": "auth.permission", "pk": 11, "fields": {"name": "Can delete group", "content_type": 3, "codename": "delete_group"}}, {"model": "auth.permission", "pk": 12, "fields": {"name": "Can view group", "content_type": 3, "codename": "view_group"}}, {"model": "auth.permission", "pk": 13, "fields": {"name": "Can add content type", "content_type": 4, "codename": "add_contenttype"}}, {"model": "auth.permission", "pk": 14, "fields": {"name": "Can change content type", "content_type": 4, "codename": "change_contenttype"}}, {"model": "auth.permission", "pk": 15, "fields": {"name": "Can delete content type", "content_type": 4, "codename": "delete_contenttype"}}, {"model": "auth.permission", "pk": 16, "fields": {"name": "Can view content type", "content_type": 4, "codename": "view_contenttype"}}, {"model": "auth.permission", "pk": 17, "fields": {"name": "Can add session", "content_type": 5, "codename": "add_session"}}, {"model": "auth.permission", "pk": 18, "fields": {"name": "Can change session", "content_type": 5, "codename": "change_session"}}, {"model": "auth.permission", "pk": 19, "fields": {"name": "Can delete session", "content_type": 5, "codename": "delete_session"}}, {"model": "auth.permission", "pk": 20, "fields": {"name": "Can view session", "content_type": 5, "codename": "view_session"}}, {"model": "auth.permission", "pk": 21, "fields": {"name": "Can add check in", "content_type": 6, "codename": "add_checkin"}}, {"model": "auth.permission", "pk": 22, "fields": {"name": "Can change check in", "content_type": 6, "codename": "change_checkin"}}, {"model": "auth.permission", "pk": 23, "fields": {"name": "Can delete check in", "content_type": 6, "codename": "delete_checkin"}}, {"model": "auth.permission", "pk": 24, "fields": {"name": "Can view check in", "content_type": 6, "codename": "view_checkin"}}, {"model": "auth.permission", "pk": 25, "fields": {"name": "Can add user", "content_type": 7, "codename": "add_hoteluser"}}, {"model": "auth.permission", "pk": 26, "fields": {"name": "Can change user", "content_type": 7, "codename": "change_hoteluser"}}, {"model": "auth.permission", "pk": 27, "fields": {"name": "Can delete user", "content_type": 7, "codename": "delete_hoteluser"}}, {"model": "auth.permission", "pk": 28, "fields": {"name": "Can view user", "content_type": 7, "codename": "view_hoteluser"}}, {"model": "auth.permission", "pk": 29, "fields": {"name": "Can add room", "content_type": 8, "codename": "add_room"}}, {"model": "auth.permission", "pk": 30, "fields": {"name": "Can change room", "content_type": 8, "codename": "change_room"}}, {"model": "auth.permission", "pk": 31, "fields": {"name": "Can delete room", "content_type": 8, "codename": "delete_room"}}, {"model": "auth.permission", "pk": 32, "fields": {"name": "Can view room", "content_type": 8, "codename": "view_room"}}, {"model": "auth.permission", "pk": 33, "fields": {"name": "Can add user", "content_type": 9, "codename": "add_client"}}, {"model": "auth.permission", "pk": 34, "fields": {"name": "Can change user", "content_type": 9, "codename": "change_client"}}, {"model": "auth.permission", "pk": 35, "fields": {"name": "Can delete user", "content_type": 9, "codename": "delete_client"}}, {"model": "auth.permission", "pk": 36, "fields": {"name": "Can view user", "content_type": 9, "codename": "view_client"}}, {"model": "auth.permission", "pk": 37, "fields": {"name": "Can add user", "content_type": 10, "codename": "add_worker"}}, {"model": "auth.permission", "pk": 38, "fields": {"name": "Can change user", "content_type": 10, "codename": "change_worker"}}, {"model": "auth.permission", "pk": 39, "fields": {"name": "Can delete user", "content_type": 10, "codename": "delete_worker"}}, {"model": "auth.permission", "pk": 40, "fields": {"name": "Can view user", "content_type": 10, "codename": "view_worker"}}, {"model": "auth.permission", "pk": 41, "fields": {"name": "Can add room reservation", "content_type": 11, "codename": "add_roomreservation"}}, {"model": "auth.permission", "pk": 42, "fields": {"name": "Can change room reservation", "content_type": 11, "codename": "change_roomreservation"}}, {"model": "auth.permission", "pk": 43, "fields": {"name": "Can delete room reservation", "content_type": 11, "codename": "delete_roomreservation"}}, {"model": "auth.permission", "pk": 44, "fields": {"name": "Can view room reservation", "content_type": 11, "codename": "view_roomreservation"}}, {"model": "auth.permission", "pk": 45, "fields": {"name": "Can add extra costs", "content_type": 12, "codename": "add_extracosts"}}, {"model": "auth.permission", "pk": 46, "fields": {"name": "Can change extra costs", "content_type": 12, "codename": "change_extracosts"}}, {"model": "auth.permission", "pk": 47, "fields": {"name": "Can delete extra costs", "content_type": 12, "codename": "delete_extracosts"}}, {"model": "auth.permission", "pk": 48, "fields": {"name": "Can view extra costs", "content_type": 12, "codename": "view_extracosts"}}, {"model": "auth.permission", "pk": 49, "fields": {"name": "Can add despeses", "content_type": 13, "codename": "add_despeses"}}, {"model": "auth.permission", "pk": 50, "fields": {"name": "Can change despeses", "content_type": 13, "codename": "change_despeses"}}, {"model": "auth.permission", "pk": 51, "fields": {"name": "Can delete despeses", "content_type": 13, "codename": "delete_despeses"}}, {"model": "auth.permission", "pk": 52, "fields": {"name": "Can view despeses", "content_type": 13, "codename": "view_despeses"}}, {"model": "auth.permission", "pk": 53, "fields": {"name": "Can add cleaning_ material", "content_type": 14, "codename": "add_cleaning_material"}}, {"model": "auth.permission", "pk": 54, "fields": {"name": "Can change cleaning_ material", "content_type": 14, "codename": "change_cleaning_material"}}, {"model": "auth.permission", "pk": 55, "fields": {"name": "Can delete cleaning_ material", "content_type": 14, "codename": "delete_cleaning_material"}}, {"model": "auth.permission", "pk": 56, "fields": {"name": "Can view cleaning_ material", "content_type": 14, "codename": "view_cleaning_material"}}, {"model": "auth.permission", "pk": 57, "fields": {"name": "Can add stock", "content_type": 15, "codename": "add_stock"}}, {"model": "auth.permission", "pk": 58, "fields": {"name": "Can change stock", "content_type": 15, "codename": "change_stock"}}, {"model": "auth.permission", "pk": 59, "fields": {"name": "Can delete stock", "content_type": 15, "codename": "delete_stock"}}, {"model": "auth.permission", "pk": 60, "fields": {"name": "Can view stock", "content_type": 15, "codename": "view_stock"}}, {"model": "auth.permission", "pk": 61, "fields": {"name": "Can add cleaned room", "content_type": 16, "codename": "add_cleanedroom"}}, {"model": "auth.permission", "pk": 62, "fields": {"name": "Can change cleaned room", "content_type": 16, "codename": "change_cleanedroom"}}, {"model": "auth.permission", "pk": 63, "fields": {"name": "Can delete cleaned room", "content_type": 16, "codename": "delete_cleanedroom"}}, {"model": "auth.permission", "pk": 64, "fields": {"name": "Can view cleaned room", "content_type": 16, "codename": "view_cleanedroom"}}, {"model": "auth.permission", "pk": 65, "fields": {"name": "Can add cleaning material", "content_type": 14, "codename": "add_cleaningmaterial"}}, {"model": "auth.permission", "pk": 66, "fields": {"name": "Can change cleaning material", "content_type": 14, "codename": "change_cleaningmaterial"}}, {"model": "auth.permission", "pk": 67, "fields": {"name": "Can delete cleaning material", "content_type": 14, "codename": "delete_cleaningmaterial"}}, {"model": "auth.permission", "pk": 68, "fields": {"name": "Can view cleaning material", "content_type": 14, "codename": "view_cleaningmaterial"}}, {"model": "auth.permission", "pk": 69, "fields": {"name": "Can add restaurant reservation", "content_type": 17, "codename": "add_restaurantreservation"}}, {"model": "auth.permission", "pk": 70, "fields": {"name": "Can change restaurant reservation", "content_type": 17, "codename": "change_restaurantreservation"}}, {"model": "auth.permission", "pk": 71, "fields": {"name": "Can delete restaurant reservation", "content_type": 17, "codename": "delete_restaurantreservation"}}, {"model": "auth.permission", "pk": 72, "fields": {"name": "Can view restaurant reservation", "content_type": 17, "codename": "view_restaurantreservation"}}, {"model": "auth.permission", "pk": 73, "fields": {"name": "Can add external restaurant client", "content_type": 18, "codename": "add_externalrestaurantclient"}}, {"model": "auth.permission", "pk": 74, "fields": {"name": "Can change external restaurant client", "content_type": 18, "codename": "change_externalrestaurantclient"}}, {"model": "auth.permission", "pk": 75, "fields": {"name": "Can delete external restaurant client", "content_type": 18, "codename": "delete_externalrestaurantclient"}}, {"model": "auth.permission", "pk": 76, "fields": {"name": "Can view external restaurant client", "content_type": 18, "codename": "view_externalrestaurantclient"}}, {"model": "contenttypes.contenttype", "pk": 1, "fields": {"app_label": "admin", "model": "logentry"}}, {"model": "contenttypes.contenttype", "pk": 2, "fields": {"app_label": "auth", "model": "permission"}}, {"model": "contenttypes.contenttype", "pk": 3, "fields": {"app_label": "auth", "model": "group"}}, {"model": "contenttypes.contenttype", "pk": 4, "fields": {"app_label": "contenttypes", "model": "contenttype"}}, {"model": "contenttypes.contenttype", "pk": 5, "fields": {"app_label": "sessions", "model": "session"}}, {"model": "contenttypes.contenttype", "pk": 6, "fields": {"app_label": "Reception", "model": "checkin"}}, {"model": "contenttypes.contenttype", "pk": 7, "fields": {"app_label": "Reception", "model": "hoteluser"}}, {"model": "contenttypes.contenttype", "pk": 8, "fields": {"app_label": "Reception", "model": "room"}}, {"model": "contenttypes.contenttype", "pk": 9, "fields": {"app_label": "Reception", "model": "client"}}, {"model": "contenttypes.contenttype", "pk": 10, "fields": {"app_label": "Reception", "model": "worker"}}, {"model": "contenttypes.contenttype", "pk": 11, "fields": {"app_label": "Reception", "model": "roomreservation"}}, {"model": "contenttypes.contenttype", "pk": 12, "fields": {"app_label": "Reception", "model": "extracosts"}}, {"model": "contenttypes.contenttype", "pk": 13, "fields": {"app_label": "Reception", "model": "despeses"}}, {"model": "contenttypes.contenttype", "pk": 14, "fields": {"app_label": "Cleaner", "model": "cleaningmaterial"}}, {"model": "contenttypes.contenttype", "pk": 15, "fields": {"app_label": "Cleaner", "model": "stock"}}, {"model": "contenttypes.contenttype", "pk": 16, "fields": {"app_label": "Cleaner", "model": "cleanedroom"}}, {"model": "contenttypes.contenttype", "pk": 17, "fields": {"app_label": "Restaurant", "model": "restaurantreservation"}}, {"model": "contenttypes.contenttype", "pk": 18, "fields": {"app_label": "Restaurant", "model": "externalrestaurantclient"}}, {"model": "sessions.session", "pk": "07h7qlxb2jpbhj6bhfib5qjcstfdghdq", "fields": {"session_data": ".eJxVjMsOwiAQRf-FtSE8hBlcuu83kGGgUjU0Ke3K-O_apAvd3nPOfYlI21rj1ssSpywuQovT75aIH6XtIN-p3WbJc1uXKcldkQftcphzeV4P9--gUq_f2nhkAO0YMRlldQIKyhc6a200Zk8WgcEVBMxjUKPj4NgoIEvZe7bi_QG6Nzcd:1rx4PP:8O8jL4D0r8hqaid_FdNKLDLoXmPc4cszHYSfnTg969w", "expire_date": "2024-05-01T12:29:03.843Z"}}, {"model": "sessions.session", "pk": "0w6w6n3jpczq50t0o8rux2jwwvnva5qv", "fields": {"session_data": ".eJxVjEFuwyAQRe_COrEA24CzrNRlz4DGwySmdaACXDWJcveAlEWynHnvvxuzsJXFbpmS9Y4dmGC7198M-EOhAfcN4RQ7jKEkP3dN6Z40d1_R0frxdN8CC-SlrqUyqLUY0ZhZ8l7MGiauCAYhpDBOQW806pGMNu448eOI04iSa-jBKYV9jSaqvT8oPgbroAA73JiDS4tzOez5sJdT1cJ2tqeNcsmVtF1beaR6feZzTFdI7L5juHoKxZbLbyP0XygFWNn9AY2fWOk:1s1orh:GE1RjvOl0PKpsven4L3Tk0BJW-CysKh663_IyGmJppI", "expire_date": "2024-05-14T14:53:53.802Z"}}, {"model": "sessions.session", "pk": "186ls3n752cvl8xlhxk4mh088j0womvk", "fields": {"session_data": ".eJxVjMsOwiAQRf-FtSE8hBlcuu83kGGgUjU0Ke3K-O_apAvd3nPOfYlI21rj1ssSpywuQovT75aIH6XtIN-p3WbJc1uXKcldkQftcphzeV4P9--gUq_f2nhkAO0YMRlldQIKyhc6a200Zk8WgcEVBMxjUKPj4NgoIEvZe7bi_QG6Nzcd:1rwT16:qh7CFeOV5qrjAWyMahcuOldssTGQDRLQkhoknSIfri4", "expire_date": "2024-04-29T20:33:28.921Z"}}, {"model": "sessions.session", "pk": "6azijtc93r8thw3j945t2zrnoouw4b8b", "fields": {"session_data": ".eJxVjMsOwiAQRf-FtSE8hBlcuu83kGGgUjU0Ke3K-O_apAvd3nPOfYlI21rj1ssSpywuQovT75aIH6XtIN-p3WbJc1uXKcldkQftcphzeV4P9--gUq_f2nhkAO0YMRlldQIKyhc6a200Zk8WgcEVBMxjUKPj4NgoIEvZe7bi_QG6Nzcd:1rx4cs:uTDfhqbbGTObEEHXLTvinXCGd53tbWGWoBXuykdwNPg", "expire_date": "2024-05-01T12:42:58.960Z"}}, {"model": "sessions.session", "pk": "9zqfy1v71i309w6x44fn7ceymajthq9t", "fields": {"session_data": ".eJxVjMsOwiAQRf-FtSE8hBlcuu83kGGgUjU0Ke3K-O_apAvd3nPOfYlI21rj1ssSpywuQovT75aIH6XtIN-p3WbJc1uXKcldkQftcphzeV4P9--gUq_f2nhkAO0YMRlldQIKyhc6a200Zk8WgcEVBMxjUKPj4NgoIEvZe7bi_QG6Nzcd:1s3ytu:tAXZG4lFhzaOjt6t7WLUW5U3E-3p1FJNN2Twaa7FcYk", "expire_date": "2024-05-20T14:01:06.694Z"}}, {"model": "sessions.session", "pk": "a0kk14jenqnxdl6zcqeh354zk62gmdly", "fields": {"session_data": ".eJxVjMsOwiAQRf-FtSE8hBlcuu83kGGgUjU0Ke3K-O_apAvd3nPOfYlI21rj1ssSpywuQovT75aIH6XtIN-p3WbJc1uXKcldkQftcphzeV4P9--gUq_f2nhkAO0YMRlldQIKyhc6a200Zk8WgcEVBMxjUKPj4NgoIEvZe7bi_QG6Nzcd:1rx4e4:30G-f8fs5kzvyGFmBGs2TUWbOgEUz5mSlwpb-Z5Zeb0", "expire_date": "2024-05-01T12:44:12.691Z"}}, {"model": "sessions.session", "pk": "c1wm4fe3ziado8a674o248c6yb2glju5", "fields": {"session_data": ".eJxVjMsOwiAQRf-FtSE8hBlcuu83kGGgUjU0Ke3K-O_apAvd3nPOfYlI21rj1ssSpywuQovT75aIH6XtIN-p3WbJc1uXKcldkQftcphzeV4P9--gUq_f2nhkAO0YMRlldQIKyhc6a200Zk8WgcEVBMxjUKPj4NgoIEvZe7bi_QG6Nzcd:1rx1cl:cupqu8ztGizaKv30_IX7-nJvh5vlIp5DotGyEqpePoY", "expire_date": "2024-05-01T09:30:39.858Z"}}, {"model": "sessions.session", "pk": "e57zfym0xcc1mgrmjr14hh2sb4wz86cy", "fields": {"session_data": ".eJxVjMsOwiAQRf-FtSE8hBlcuu83kGGgUjU0Ke3K-O_apAvd3nPOfYlI21rj1ssSpywuQovT75aIH6XtIN-p3WbJc1uXKcldkQftcphzeV4P9--gUq_f2nhkAO0YMRlldQIKyhc6a200Zk8WgcEVBMxjUKPj4NgoIEvZe7bi_QG6Nzcd:1rx4ey:xVHGQOwnB68JtAVG8by9bmk-bV2Lh40Gmq0qsUdUnEc", "expire_date": "2024-05-01T12:45:08.461Z"}}, {"model": "sessions.session", "pk": "f99jwh33nc2jmc6kegmnvgqf6b8zd5g9", "fields": {"session_data": ".eJxVjssOgyAQRf-FtSE8CoNddu83mGHASmsgUeym6b9XjYt2eV8n9816XOvYr0uc-xTYlUnW_Hoe6RnzHoQH5nvhVHKdk-d7hZ_pwrsS4nQ7u3-AEZdxWyvrCEAacs4roaUHbIWNeJFSSRcsagcEJjpwYWjFYKg1pASgxmAt6Q06x433wppKPq5Cw2hKMddD6c8Xln5CZA:1rsIUs:7iK6e93yObCfA-2ZJxpjVd48r8Id8_jfh9ErR2RK-Y4", "expire_date": "2024-04-18T08:30:58.511Z"}}, {"model": "sessions.session", "pk": "fglfq2h67xv9wdh3wbqu9ogj1nuavt0t", "fields": {"session_data": ".eJxVjMsOwiAQRf-FtSE8hBlcuu83kGGgUjU0Ke3K-O_apAvd3nPOfYlI21rj1ssSpywuQovT75aIH6XtIN-p3WbJc1uXKcldkQftcphzeV4P9--gUq_f2nhkAO0YMRlldQIKyhc6a200Zk8WgcEVBMxjUKPj4NgoIEvZe7bi_QG6Nzcd:1rwU9n:QycEK2pHy-fxfq-rMK2dnFp-SOkEDYbEUIBGcSaqFgk", "expire_date": "2024-04-29T21:46:31.312Z"}}, {"model": "sessions.session", "pk": "giemdrjwhenaxv3ttcmefsx10hotoazs", "fields": {"session_data": ".eJxVjMsOwiAQRf-FtSE8hBlcuu83kGGgUjU0Ke3K-O_apAvd3nPOfYlI21rj1ssSpywuQovT75aIH6XtIN-p3WbJc1uXKcldkQftcphzeV4P9--gUq_f2nhkAO0YMRlldQIKyhc6a200Zk8WgcEVBMxjUKPj4NgoIEvZe7bi_QG6Nzcd:1s1XhT:IctJ4uDDYZmgxSyxq3xf2uG8fST8xOGlU1reNhE_GFU", "expire_date": "2024-05-13T20:34:11.148Z"}}, {"model": "sessions.session", "pk": "h7zqlvs8stunypw895xsrvyean2geg3j", "fields": {"session_data": ".eJxVjMsOwiAQRf-FtSE8hBlcuu83kGGgUjU0Ke3K-O_apAvd3nPOfYlI21rj1ssSpywuQovT75aIH6XtIN-p3WbJc1uXKcldkQftcphzeV4P9--gUq_f2nhkAO0YMRlldQIKyhc6a200Zk8WgcEVBMxjUKPj4NgoIEvZe7bi_QG6Nzcd:1s270O:WfJliXzxD6mF-rZbh8B_gLCS-0vi5mxkYc7QRMMK8DY", "expire_date": "2024-05-15T10:16:04.943Z"}}, {"model": "sessions.session", "pk": "j5jrtxjbztspr9lwi82ptqcns75an6qe", "fields": {"session_data": ".eJxVjMsOwiAQRf-FtSE8hBlcuu83kGGgUjU0Ke3K-O_apAvd3nPOfYlI21rj1ssSpywuQovT75aIH6XtIN-p3WbJc1uXKcldkQftcphzeV4P9--gUq_f2nhkAO0YMRlldQIKyhc6a200Zk8WgcEVBMxjUKPj4NgoIEvZe7bi_QG6Nzcd:1rx1sc:aNrt8vx9mwgARSUkZ_BfZyKy92b7uu7JlAsDwY1iUVg", "expire_date": "2024-05-01T09:47:02.786Z"}}, {"model": "sessions.session", "pk": "mocdlb9jxel0bn9eqmguh1lpi4ig31pr", "fields": {"session_data": ".eJxVjMsOwiAQRf-FtSE8hBlcuu83kGGgUjU0Ke3K-O_apAvd3nPOfYlI21rj1ssSpywuQovT75aIH6XtIN-p3WbJc1uXKcldkQftcphzeV4P9--gUq_f2nhkAO0YMRlldQIKyhc6a200Zk8WgcEVBMxjUKPj4NgoIEvZe7bi_QG6Nzcd:1rxsNy:cRtVgTb7dz5NiouL6aUIfYfYxTZXAxZZ3D0XrkTBtfc", "expire_date": "2024-05-03T17:50:54.420Z"}}, {"model": "sessions.session", "pk": "mxk8o5nf2w93371o79vcrohfffgvfsnv", "fields": {"session_data": ".eJxVjMsOwiAQRf-FtSE8hBlcuu83kGGgUjU0Ke3K-O_apAvd3nPOfYlI21rj1ssSpywuQovT75aIH6XtIN-p3WbJc1uXKcldkQftcphzeV4P9--gUq_f2nhkAO0YMRlldQIKyhc6a200Zk8WgcEVBMxjUKPj4NgoIEvZe7bi_QG6Nzcd:1rs0gb:2h2JhILv5z_gw8jM-bmqnhtFrNDScbNmsAKiHLyN0fU", "expire_date": "2024-04-17T13:29:53.124Z"}}, {"model": "sessions.session", "pk": "n99dehgj7r7gqf0ngpbclvrhvfled1xz", "fields": {"session_data": ".eJxVjMsOwiAQRf-FtSE8hBlcuu83kGGgUjU0Ke3K-O_apAvd3nPOfYlI21rj1ssSpywuQovT75aIH6XtIN-p3WbJc1uXKcldkQftcphzeV4P9--gUq_f2nhkAO0YMRlldQIKyhc6a200Zk8WgcEVBMxjUKPj4NgoIEvZe7bi_QG6Nzcd:1s48Mp:J_hLMulgj5nWmfaT7Q-Lwr764CFlcews-DtdBG9kfCM", "expire_date": "2024-05-21T00:07:35.807Z"}}, {"model": "sessions.session", "pk": "nwudsra5rkfa3v5dx71uf2xfn27k91rc", "fields": {"session_data": ".eJxVj0FuwyAQRe_COrEA24CzjNRlzoDGwySmdaACHCmNcveC5EW7nP_ff9K8mIWtLHbLlKx37MQEO_zNZsAvCq1wnxBuscMYSvJz15Bub3N3iY7W887-EyyQl7qWyqDWYkRjZsl7MWuYuCIYhJDCOAW90ahHMtq468SvI04jSq6hB6cU9lWaqPoeUHwM1kEBdnoxB88m53I48uEop4qF7W5vG-WS92_ayiPV6yPfY_qBxN4HhqunUGx5frfGh0IpwMrev40JWOE:1s1Xd3:MOqwg38EwFjPKj04b8peg8RPBwBH2Du-B6S2P4GZZmo", "expire_date": "2024-05-13T20:29:37.730Z"}}, {"model": "sessions.session", "pk": "ox436yxnma0rk3bteupzi1h3i5422f5z", "fields": {"session_data": ".eJxVjMsOwiAQRf-FtSE8hBlcuu83kGGgUjU0Ke3K-O_apAvd3nPOfYlI21rj1ssSpywuQovT75aIH6XtIN-p3WbJc1uXKcldkQftcphzeV4P9--gUq_f2nhkAO0YMRlldQIKyhc6a200Zk8WgcEVBMxjUKPj4NgoIEvZe7bi_QG6Nzcd:1rwUQN:kYwILSdgeRHtBVwln7ypNZ90X7RybkZugU4cgkQ-U8Q", "expire_date": "2024-04-29T22:03:39.184Z"}}, {"model": "sessions.session", "pk": "pj1adair2bx0a916417ua7giialheehv", "fields": {"session_data": ".eJxVjMsOwiAQRf-FtSE8hBlcuu83kGGgUjU0Ke3K-O_apAvd3nPOfYlI21rj1ssSpywuQovT75aIH6XtIN-p3WbJc1uXKcldkQftcphzeV4P9--gUq_f2nhkAO0YMRlldQIKyhc6a200Zk8WgcEVBMxjUKPj4NgoIEvZe7bi_QG6Nzcd:1rwTGb:oJYzUvtaBTlPOzmbjsHTMb_cJVYaM1-R22fw-3REwKI", "expire_date": "2024-04-29T20:49:29.926Z"}}, {"model": "sessions.session", "pk": "pmxgiypaqy000ocfribxngp1uvjwxe1t", "fields": {"session_data": ".eJxVjMsOwiAQRf-FtSE8hBlcuu83kGGgUjU0Ke3K-O_apAvd3nPOfYlI21rj1ssSpywuQovT75aIH6XtIN-p3WbJc1uXKcldkQftcphzeV4P9--gUq_f2nhkAO0YMRlldQIKyhc6a200Zk8WgcEVBMxjUKPj4NgoIEvZe7bi_QG6Nzcd:1rwUIf:SWp5lMI9Gqt1rMyflzqYwC6Pz0ABr35hUR8TFddbz7U", "expire_date": "2024-04-29T21:55:41.396Z"}}, {"model": "sessions.session", "pk": "ptqj2m8980pg26xj2o1d744vf5wprrxz", "fields": {"session_data": ".eJxVjMsOwiAQRf-FtSE8hBlcuu83kGGgUjU0Ke3K-O_apAvd3nPOfYlI21rj1ssSpywuQovT75aIH6XtIN-p3WbJc1uXKcldkQftcphzeV4P9--gUq_f2nhkAO0YMRlldQIKyhc6a200Zk8WgcEVBMxjUKPj4NgoIEvZe7bi_QG6Nzcd:1s2R2V:AoKH69EoCR6GoRoToNo7zktTuzGQTEqPF_AG1yUqb-0", "expire_date": "2024-05-16T07:39:35.751Z"}}, {"model": "sessions.session", "pk": "sv5xgiedimjf2lg08dnyv2f8e7i1r2bb", "fields": {"session_data": ".eJxVjMsOwiAQRf-FtSE8hBlcuu83kGGgUjU0Ke3K-O_apAvd3nPOfYlI21rj1ssSpywuQovT75aIH6XtIN-p3WbJc1uXKcldkQftcphzeV4P9--gUq_f2nhkAO0YMRlldQIKyhc6a200Zk8WgcEVBMxjUKPj4NgoIEvZe7bi_QG6Nzcd:1rwU8B:yolr2NtUayE0WLfHBtPAIUgoAZ1wt1hrM4M0K-LDaCg", "expire_date": "2024-04-29T21:44:51.910Z"}}, {"model": "sessions.session", "pk": "tbevje5w5xxctxa6qb9hec1vkyjow6z7", "fields": {"session_data": ".eJxVjMsOwiAQRf-FtSE8hBlcuu83kGGgUjU0Ke3K-O_apAvd3nPOfYlI21rj1ssSpywuQovT75aIH6XtIN-p3WbJc1uXKcldkQftcphzeV4P9--gUq_f2nhkAO0YMRlldQIKyhc6a200Zk8WgcEVBMxjUKPj4NgoIEvZe7bi_QG6Nzcd:1rsHBP:HPQpgDnPupJt1Ish2uQw4-GAOwKqjqW2787HblyBBAk", "expire_date": "2024-04-18T07:06:47.493Z"}}, {"model": "sessions.session", "pk": "u71r6sgdw15dxmq0xkoo5d94rcn2ajrk", "fields": {"session_data": ".eJxVj0FuwyAQRe_COrEA24CzjNRlzoDGwySmdaACHCmNcveC5EW7nP_ff9K8mIWtLHbLlKx37MQEO_zNZsAvCq1wnxBuscMYSvJz15Bub3N3iY7W887-EyyQl7qWyqDWYkRjZsl7MWuYuCIYhJDCOAW90ahHMtq468SvI04jSq6hB6cU9lWaqPoeUHwM1kEBdnoxB88m53I48uEop4qF7W5vG-WS92_ayiPV6yPfY_qBxN4HhqunUGx5frfGh0IpwMrev40JWOE:1s1Xf0:wb0ncJymlYIkYjqjb8SfKMydYaoAubqTYX2jhigh6Kw", "expire_date": "2024-05-13T20:31:38.126Z"}}, {"model": "sessions.session", "pk": "unovrkc2qjqncp2o7j9bqpvbdbcc26vt", "fields": {"session_data": ".eJxVjMsOwiAQRf-FtSE8hBlcuu83kGGgUjU0Ke3K-O_apAvd3nPOfYlI21rj1ssSpywuQovT75aIH6XtIN-p3WbJc1uXKcldkQftcphzeV4P9--gUq_f2nhkAO0YMRlldQIKyhc6a200Zk8WgcEVBMxjUKPj4NgoIEvZe7bi_QG6Nzcd:1rsPwd:QYx3h9JZE3mVOuoGtwggsEcFp8if6IOH3quJ5kTDPpg", "expire_date": "2024-04-18T16:28:07.355Z"}}, {"model": "sessions.session", "pk": "xacgeycdxfqnibii224hkdpvdbhg5zqk", "fields": {"session_data": ".eJxVjMsOwiAQRf-FtSE8hBlcuu83kGGgUjU0Ke3K-O_apAvd3nPOfYlI21rj1ssSpywuQovT75aIH6XtIN-p3WbJc1uXKcldkQftcphzeV4P9--gUq_f2nhkAO0YMRlldQIKyhc6a200Zk8WgcEVBMxjUKPj4NgoIEvZe7bi_QG6Nzcd:1rsPxW:29w2x9YtnhYhPWhVlv4W9oJ-C9byjfUtDR4Kfg87Nmw", "expire_date": "2024-04-18T16:29:02.128Z"}}, {"model": "sessions.session", "pk": "y5nonha7e7vh3p7xoh8bhk9ztf11051q", "fields": {"session_data": ".eJxVjMsOgjAQRf-la9P0YTvFpXu_oZlOB0FJMVASjfHfhYSFbu8597xFxKV2cZl5in0WJ6HF4XdLSHcuG8g3LNdR0ljq1Ce5KXKns7yMmYfz7v4FOpy79W18IADtKIRklNUJsFGe8ai10SF7tAEIHAcIuW1U66hxZBSgxew92TVKQ8-lxvp68BrkZ-Wp4CA-X4vVQA4:1s0gxk:YFIyu_84rlvZxCCRJXJrIp5NFRwmgTZDNDMIpwypMto", "expire_date": "2024-05-11T12:15:28.248Z"}}, {"model": "sessions.session", "pk": "z2jirzctcgjx5emkzqxksap6ngnctqyy", "fields": {"session_data": ".eJxVjjkOgzAQRe_iGlle4oWU6TkDGo-H4ATZEpg0Ue4eQBRJ-ben_2Y9rHXs14XmPkV2ZZI1v14AfFLeg_iAfC8cS65zCnyv8DNdeFciTbez-wcYYRm3tbIenZMGvQ9KaBkctMISXKRU0kcL2jt0hrzzcWjFYLA1qIQDDdFa1Bt0po33gppKPq5K3TCcEuV6SPX5AtalQpA:1rsVjQ:tkozIEyBGDR8xg58o28HzuXUewh8nBtfhJ0jxNSWvl4", "expire_date": "2024-04-18T22:38:52.434Z"}}, {"model": "Reception.hoteluser", "pk": 1, "fields": {"password": "pbkdf2_sha256$720000$2apEguAOaabZkwWaeyUk4o$L+P0nfYydcCvpqIAe1qzN7TK+kIPQRW5WOPAspl1i68=", "last_login": "2024-05-07T00:07:35.768Z", "is_superuser": true, "username": "admin", "first_name": "Admin FN", "last_name": "Admin LN", "is_staff": true, "is_active": true, "date_joined": "2024-04-03T13:25:53.807Z", "email": "admin@admin.com", "phone_number": "432094234", "id_number": "541224251", "groups": [], "user_permissions": []}}, {"model": "Reception.hoteluser", "pk": 2, "fields": {"password": "", "last_login": null, "is_superuser": false, "username": "Client test_test", "first_name": "Client test", "last_name": "test", "is_staff": false, "is_active": true, "date_joined": "2024-04-03T13:30:32.156Z", "email": "client@client.com", "phone_number": "432423423", "id_number": "234234324", "groups": [], "user_permissions": []}}, {"model": "Reception.hoteluser", "pk": 3, "fields": {"password": "", "last_login": null, "is_superuser": false, "username": "Aniol_Serrano Ortega", "first_name": "Aniol", "last_name": "Serrano Ortega", "is_staff": false, "is_active": true, "date_joined": "2024-04-04T07:38:03.798Z", "email": "aniol0012@gmail.com", "phone_number": "123412321", "id_number": "12321312312312", "groups": [], "user_permissions": []}}, {"model": "Reception.hoteluser", "pk": 84, "fields": {"password": "pbkdf2_sha256$720000$TDnjV67BUlq3VhKchPLxUu$3EJhIEyBW/BKI4wbrvCWANzvJ4R9l8JeAhIi/Gnejks=", "last_login": null, "is_superuser": false, "username": "jose francisco_gonzalo", "first_name": "Jose Francisco", "last_name": "Gonzalo", "is_staff": false, "is_active": true, "date_joined": "2024-04-25T15:01:57.167Z", "email": "amadafigueras@example.com", "phone_number": "+34 878888982", "id_number": "42221392Q", "groups": [], "user_permissions": []}}, {"model": "Reception.hoteluser", "pk": 85, "fields": {"password": "pbkdf2_sha256$720000$ZGOh2z9PObkU7Jd6QwDRkx$LXADuTwdJqL/WgpwPVzi7f/eUplFFszR+PSaOZcsUyA=", "last_login": null, "is_superuser": false, "username": "paz_donoso", "first_name": "Paz", "last_name": "Donoso", "is_staff": false, "is_active": true, "date_joined": "2024-04-25T15:01:57.448Z", "email": "vasco02@example.net", "phone_number": "+34874605637", "id_number": "77419581V", "groups": [], "user_permissions": []}}, {"model": "Reception.hoteluser", "pk": 86, "fields": {"password": "pbkdf2_sha256$720000$I18wjF7NLxM5uyGFFloZkw$4pJi+qoInJP1xALI6s1D2aQBlChKhPFIUgdUJ0lNiFI=", "last_login": null, "is_superuser": false, "username": "silvia_caro", "first_name": "Silvia", "last_name": "Caro", "is_staff": false, "is_active": true, "date_joined": "2024-04-25T15:01:57.727Z", "email": "filomena44@example.org", "phone_number": "+34 849989583", "id_number": "17334036V", "groups": [], "user_permissions": []}}, {"model": "Reception.hoteluser", "pk": 87, "fields": {"password": "pbkdf2_sha256$720000$QH1W4Lqy7CyoJnJDGjtKU7$bX3hWjtAdUORJEInte8JXv/yF3CB2l1kDUMG2/GoTOg=", "last_login": null, "is_superuser": false, "username": "gregorio_tejedor", "first_name": "Gregorio", "last_name": "Tejedor", "is_staff": false, "is_active": true, "date_joined": "2024-04-25T15:01:58.007Z", "email": "ordonezbernardino@example.com", "phone_number": "+34917 054 116", "id_number": "45798689P", "groups": [], "user_permissions": []}}, {"model": "Reception.hoteluser", "pk": 88, "fields": {"password": "pbkdf2_sha256$720000$JM1yUoE8M6UqBLsEt2Aa4c$voSE3mnJRFIfcdpqrHPXnG7elZiukYS72sEaJsUMF5U=", "last_login": null, "is_superuser": false, "username": "macarena_carballo", "first_name": "Macarena", "last_name": "Carballo Blanco", "is_staff": false, "is_active": true, "date_joined": "2024-04-25T15:01:58.282Z", "email": "obenavente@example.org", "phone_number": "+34 730010220", "id_number": "50864817H", "groups": [], "user_permissions": []}}, {"model": "Reception.hoteluser", "pk": 89, "fields": {"password": "pbkdf2_sha256$720000$9ldo4LHXa3owO1YizS67vH$JKDGRh0uNCkOlRUkLpXSVnldqpd1vY2tapXsWuLimQU=", "last_login": null, "is_superuser": false, "username": "leticia_romeu", "first_name": "Leticia", "last_name": "Romeu", "is_staff": false, "is_active": true, "date_joined": "2024-04-25T15:01:58.559Z", "email": "torrentsbaudelio@example.com", "phone_number": "+34982 557 572", "id_number": "05098264S", "groups": [], "user_permissions": []}}, {"model": "Reception.hoteluser", "pk": 90, "fields": {"password": "pbkdf2_sha256$720000$2vLtKg5G6i1rC4M6te1832$9xlZNK7hH+hI5WRUxWhSfNAdSBk6u+8Io8BhNzF1GvM=", "last_login": null, "is_superuser": false, "username": "benjamín_villena", "first_name": "Benjamín", "last_name": "Villena", "is_staff": false, "is_active": true, "date_joined": "2024-04-25T15:01:58.832Z", "email": "alvarezalberto@example.net", "phone_number": "+34 871 88 20 48", "id_number": "15286549J", "groups": [], "user_permissions": []}}, {"model": "Reception.hoteluser", "pk": 91, "fields": {"password": "pbkdf2_sha256$720000$mwfOUUgfrsJHxsSk7fMcjA$OZ9LRervnrTHxTVPHxpAhq8IH+irzQJBPBV6+1rfD/c=", "last_login": null, "is_superuser": false, "username": "adelardo_arévalo", "first_name": "Adelardo", "last_name": "Arévalo", "is_staff": false, "is_active": true, "date_joined": "2024-04-25T15:01:59.123Z", "email": "reynaldo52@example.com", "phone_number": "+34 928 73 75 65", "id_number": "21303830B", "groups": [], "user_permissions": []}}, {"model": "Reception.hoteluser", "pk": 92, "fields": {"password": "pbkdf2_sha256$720000$tYfwtSAqzS22TvcLD2Q7W1$/pt4tW8xexlU5z1FRyr/WGDuEJ3ax5QPwDYGfEtne3Q=", "last_login": null, "is_superuser": false, "username": "rosalinda_vega", "first_name": "Rosalinda", "last_name": "Vega", "is_staff": false, "is_active": true, "date_joined": "2024-04-25T15:01:59.408Z", "email": "paolasanmiguel@example.net", "phone_number": "+34942 43 35 43", "id_number": "95137854X", "groups": [], "user_permissions": []}}, {"model": "Reception.hoteluser", "pk": 93, "fields": {"password": "pbkdf2_sha256$720000$UN9ZCru9DXpz85M5K2nDCv$gVUIsUFs292OL1hWyZkSnuMzBShcLNCYtqUhoZtSQ2Q=", "last_login": null, "is_superuser": false, "username": "javi_mesa", "first_name": "Javi", "last_name": "Mesa", "is_staff": false, "is_active": true, "date_joined": "2024-04-25T15:01:59.691Z", "email": "arnaldani@example.org", "phone_number": "+34 844 901 006", "id_number": "01498889W", "groups": [], "user_permissions": []}}, {"model": "Reception.hoteluser", "pk": 94, "fields": {"password": "pbkdf2_sha256$720000$3JmMXFhh66JEQHHA6OUn4H$0MSnpkcZD5mLsLFfesiv304p8I4LtBhxwVKQuahSsHc=", "last_login": null, "is_superuser": false, "username": "paca_giner", "first_name": "Paca", "last_name": "Giner", "is_staff": false, "is_active": true, "date_joined": "2024-04-25T15:01:59.972Z", "email": "gaston44@example.org", "phone_number": "+34 806853604", "id_number": "00704983X", "groups": [], "user_permissions": []}}, {"model": "Reception.hoteluser", "pk": 95, "fields": {"password": "pbkdf2_sha256$720000$10Ys4Mn8d9TiJNJaPRwG9P$VXQlz15moC95QX/lta89Gl5kmQiVY4gVlsEN8+WY2nk=", "last_login": null, "is_superuser": false, "username": "inmaculada_pedro", "first_name": "Inmaculada", "last_name": "Pedro Matamoros", "is_staff": false, "is_active": true, "date_joined": "2024-04-25T15:02:00.254Z", "email": "flaviopascual@example.com", "phone_number": "+34988 67 14 72", "id_number": "83393134X", "groups": [], "user_permissions": []}}, {"model": "Reception.hoteluser", "pk": 96, "fields": {"password": "pbkdf2_sha256$720000$auUSDEIQC1ZRAO7FMWzZPP$4NVXtWpZ+/K1RTA0ck4+7xyEi6A7ed+/BAUGLGMFPtw=", "last_login": null, "is_superuser": false, "username": "bernabé_fonseca", "first_name": "Bernabé", "last_name": "Fonseca", "is_staff": false, "is_active": true, "date_joined": "2024-04-25T15:02:00.533Z", "email": "segarrademetrio@example.com", "phone_number": "+34 881 53 38 03", "id_number": "59905842L", "groups": [], "user_permissions": []}}, {"model": "Reception.hoteluser", "pk": 97, "fields": {"password": "pbkdf2_sha256$720000$uWQvJvaRV7DPt16wv3UwNi$S73Dp3uN2stOBP99NpuFy6pUwMNIcNts/fVYYE/J4p8=", "last_login": null, "is_superuser": false, "username": "sosimo_galindo", "first_name": "Sosimo", "last_name": "Galindo", "is_staff": false, "is_active": true, "date_joined": "2024-04-25T15:02:00.812Z", "email": "tmosquera@example.net", "phone_number": "+34 879 26 81 83", "id_number": "80370553C", "groups": [], "user_permissions": []}}, {"model": "Reception.hoteluser", "pk": 98, "fields": {"password": "pbkdf2_sha256$720000$fkgHVXzkFGYvBKx4m9mTt5$8fGQSmUaolTmFq/e01AGhWXZlAqofA0toFPNBSjSg4E=", "last_login": null, "is_superuser": false, "username": "sebastián_higueras", "first_name": "Sebastián", "last_name": "Higueras", "is_staff": false, "is_active": true, "date_joined": "2024-04-25T15:02:01.088Z", "email": "ingridcrespo@example.org", "phone_number": "+34823 303 702", "id_number": "24928573T", "groups": [], "user_permissions": []}}, {"model": "Reception.hoteluser", "pk": 99, "fields": {"password": "pbkdf2_sha256$720000$DzVv2QuLpNcsaf25s69xFh$+XpKJT2gFnl/aKKGZT7I5Ew1pn4Gc90vfKCeR5V93z8=", "last_login": null, "is_superuser": false, "username": "javiera_milla", "first_name": "Javiera", "last_name": "Milla", "is_staff": false, "is_active": true, "date_joined": "2024-04-25T15:02:01.365Z", "email": "dcontreras@example.com", "phone_number": "+34 872 95 96 70", "id_number": "71326621X", "groups": [], "user_permissions": []}}, {"model": "Reception.hoteluser", "pk": 100, "fields": {"password": "pbkdf2_sha256$720000$cv2ENwzjnc90qCszsRVqOw$8xqmZARpi6k6M4sy0cdrllIO3PreK/qpTDzbvowvjkY=", "last_login": null, "is_superuser": false, "username": "fito_redondo", "first_name": "Fito", "last_name": "Redondo Rack", "is_staff": false, "is_active": true, "date_joined": "2024-04-25T15:02:01.646Z", "email": "godofredo12@example.net", "phone_number": "+34 844254723", "id_number": "76665638Z", "groups": [], "user_permissions": []}}, {"model": "Reception.hoteluser", "pk": 101, "fields": {"password": "pbkdf2_sha256$720000$LqxaiHDLMkCaSgGftNX8V4$NaRMkZELYW6rK2vSVwTyhIiPHI9eosKRYPc8dXRTxTg=", "last_login": null, "is_superuser": false, "username": "belen_barceló", "first_name": "Belen", "last_name": "Barceló", "is_staff": false, "is_active": true, "date_joined": "2024-04-25T15:02:01.926Z", "email": "amalia02@example.net", "phone_number": "+34 948 23 92 15", "id_number": "88311441C", "groups": [], "user_permissions": []}}, {"model": "Reception.hoteluser", "pk": 102, "fields": {"password": "pbkdf2_sha256$720000$hyNr37z2YOfV3rmlU7KfES$owmzpZ5EVbGBNd9g+iizuK2859yzfDFh0fhcsunCJx0=", "last_login": null, "is_superuser": false, "username": "vinicio_sancho", "first_name": "Vinicio", "last_name": "Sancho", "is_staff": false, "is_active": true, "date_joined": "2024-04-25T15:02:02.201Z", "email": "ginertoni@example.com", "phone_number": "+34935 17 15 88", "id_number": "63315256M", "groups": [], "user_permissions": []}}, {"model": "Reception.hoteluser", "pk": 103, "fields": {"password": "pbkdf2_sha256$720000$DFy3dzXS3EJQvVecScnHCD$3HT81/5pRBa4lntqbmkbJDQtkZYRSN50xhWJ1+1Djpw=", "last_login": null, "is_superuser": false, "username": "ignacia_nuñez", "first_name": "Ignacia", "last_name": "Nuñez", "is_staff": false, "is_active": true, "date_joined": "2024-04-25T15:02:02.479Z", "email": "dionisianunez@example.org", "phone_number": "+34875 069 661", "id_number": "64828302L", "groups": [], "user_permissions": []}}, {"model": "Reception.hoteluser", "pk": 104, "fields": {"password": "pbkdf2_sha256$720000$vSa4vz4WgoAC3QQ57q4S66$YX/FLGmm0qYfaNOYwbhNgw1YVlbPmTOeWeCIHJok90Q=", "last_login": null, "is_superuser": false, "username": "eric_arévalo", "first_name": "Eric", "last_name": "Arévalo", "is_staff": false, "is_active": true, "date_joined": "2024-04-25T15:03:42.653Z", "email": "ramoncelso@example.net", "phone_number": "+34821 652 685", "id_number": "79630894H", "groups": [], "user_permissions": []}}, {"model": "Reception.hoteluser", "pk": 105, "fields": {"password": "pbkdf2_sha256$720000$2YyVX4WRaJST7QFcPfHE2k$cfND7qemc/mLkqfYRDPDEdgd6afI2w2t5mE8wr2IYZA=", "last_login": null, "is_superuser": false, "username": "filomena_montaña", "first_name": "Filomena", "last_name": "Montaña Serg", "is_staff": false, "is_active": true, "date_joined": "2024-04-25T15:03:42.939Z", "email": "pdelgado@example.com", "phone_number": "+34 845 190 795", "id_number": "04750940Z", "groups": [], "user_permissions": []}}, {"model": "Reception.hoteluser", "pk": 106, "fields": {"password": "pbkdf2_sha256$720000$jWMij2x12j63H51AxcPFmy$cYQP703ia156RTZilhiEU6w+8VhzgWNr7UeL+7upIJo=", "last_login": null, "is_superuser": false, "username": "jorge_ayllón", "first_name": "Jorge", "last_name": "Ayllón", "is_staff": false, "is_active": true, "date_joined": "2024-04-25T15:03:43.222Z", "email": "carrenoteo@example.net", "phone_number": "+34 965624938", "id_number": "93444754D", "groups": [], "user_permissions": []}}, {"model": "Reception.hoteluser", "pk": 107, "fields": {"password": "pbkdf2_sha256$720000$9GMHBSpYX3XEF7M1vPKLd3$EvF0zwveQ6zW/cI/ChnfsZOw+Mp26u9FFZizisG9A4s=", "last_login": null, "is_superuser": false, "username": "buenaventura_peralta", "first_name": "Buenaventura", "last_name": "Peralta", "is_staff": false, "is_active": true, "date_joined": "2024-04-25T15:03:43.508Z", "email": "rafael50@example.net", "phone_number": "+34972113722", "id_number": "50438990J", "groups": [], "user_permissions": []}}, {"model": "Reception.hoteluser", "pk": 108, "fields": {"password": "pbkdf2_sha256$720000$yVZLQCB58BQykAOeYXdAYP$1bckuGfsIDy8Ipmcw0n35PQskpsfjkhxAKu+B7/FNOk=", "last_login": null, "is_superuser": false, "username": "narcisa_coloma", "first_name": "Narcisa", "last_name": "Coloma", "is_staff": false, "is_active": true, "date_joined": "2024-04-25T15:03:43.794Z", "email": "hpizarro@example.org", "phone_number": "+34842647818", "id_number": "40237649T", "groups": [], "user_permissions": []}}, {"model": "Reception.hoteluser", "pk": 109, "fields": {"password": "pbkdf2_sha256$720000$rGj88AfWIXHcByA7z4NVc2$baH202+Kao8pTfXwxp51baJG0USEBRRiw/HC9QmwnnQ=", "last_login": null, "is_superuser": false, "username": "leonor_cuesta", "first_name": "Leonor", "last_name": "Cuesta", "is_staff": false, "is_active": true, "date_joined": "2024-04-25T15:03:44.074Z", "email": "esmeralda01@example.net", "phone_number": "+34883 00 94 73", "id_number": "15571354D", "groups": [], "user_permissions": []}}, {"model": "Reception.hoteluser", "pk": 110, "fields": {"password": "pbkdf2_sha256$720000$0p7TKmYrHcM6hPVXrBEipx$KMSn3EwB1+mKlZviW3IXWOD/msrVt+HgyD33kbo5c8U=", "last_login": null, "is_superuser": false, "username": "calisto_cantón", "first_name": "Calisto", "last_name": "Cantón", "is_staff": false, "is_active": true, "date_joined": "2024-04-25T15:03:44.360Z", "email": "domitilazabala@example.com", "phone_number": "+34 844 062 151", "id_number": "25068539B", "groups": [], "user_permissions": []}}, {"model": "Reception.hoteluser", "pk": 111, "fields": {"password": "pbkdf2_sha256$720000$tTYBlXBpyFCe1DTpCaFBVD$cVfv4Zk182kGvelDhCSlIqTLFNq7L1vFlxDx1BO7kAw=", "last_login": null, "is_superuser": false, "username": "marianela_bayona", "first_name": "Marianela", "last_name": "Bayona Perona", "is_staff": false, "is_active": true, "date_joined": "2024-04-25T15:03:44.646Z", "email": "susanarossello@example.org", "phone_number": "+34949 632 495", "id_number": "30938210J", "groups": [], "user_permissions": []}}, {"model": "Reception.hoteluser", "pk": 112, "fields": {"password": "pbkdf2_sha256$720000$fKd4nZZ8KTgLAIKNNS8UbT$wFFWx4ewS6MWbxcBWHdyO/YgefTXzHkMB2QiGVnCW9g=", "last_login": null, "is_superuser": false, "username": "isaac_novoa", "first_name": "Isaac", "last_name": "Novoa", "is_staff": false, "is_active": true, "date_joined": "2024-04-25T15:03:44.938Z", "email": "earamburu@example.org", "phone_number": "+34 820 07 35 68", "id_number": "38492525R", "groups": [], "user_permissions": []}}, {"model": "Reception.hoteluser", "pk": 113, "fields": {"password": "pbkdf2_sha256$720000$5opcICHwVswCNLouTsPyUb$D6Yf8VhKgL3o7ttO3jiPPACw6EGlgdSF9F6taWcO95o=", "last_login": null, "is_superuser": false, "username": "lucía_requena", "first_name": "Lucía", "last_name": "Requena", "is_staff": false, "is_active": true, "date_joined": "2024-04-25T15:03:45.226Z", "email": "tejedorflorinda@example.org", "phone_number": "+34871 03 83 51", "id_number": "83880648Q", "groups": [], "user_permissions": []}}, {"model": "Reception.hoteluser", "pk": 114, "fields": {"password": "pbkdf2_sha256$720000$i8B4o20GQTOpH1jezCqdgz$lZ51SowHUfIu0d7mu/Zbbyj6z/v8/ANwnmGguZbqMjA=", "last_login": null, "is_superuser": false, "username": "ciriaco_tena", "first_name": "Ciriaco", "last_name": "Tena", "is_staff": false, "is_active": true, "date_joined": "2024-04-25T15:03:45.513Z", "email": "salazarmanolo@example.net", "phone_number": "+34983 436 778", "id_number": "43537744D", "groups": [], "user_permissions": []}}, {"model": "Reception.hoteluser", "pk": 115, "fields": {"password": "pbkdf2_sha256$720000$Ow0eWTFcsDhb2mAhZuc4Or$Fxs/KGGp4aFwlhK0xTHqkG7PA8l0pR7sx7SiPlSuE1E=", "last_login": null, "is_superuser": false, "username": "hernando_ponce", "first_name": "Hernando", "last_name": "Ponce Santo", "is_staff": false, "is_active": true, "date_joined": "2024-04-25T15:03:45.799Z", "email": "davidfrutos@example.org", "phone_number": "+34 827 521 183", "id_number": "35698810G", "groups": [], "user_permissions": []}}, {"model": "Reception.hoteluser", "pk": 116, "fields": {"password": "pbkdf2_sha256$720000$nKZW08hi82uR5b4H1y5XeX$8NaQEqhRogLYbjZ288Y5pou/UznrXFhyUgSPbnm7MO4=", "last_login": null, "is_superuser": false, "username": "segismundo_moliner", "first_name": "Segismundo", "last_name": "Moliner", "is_staff": false, "is_active": true, "date_joined": "2024-04-25T15:03:46.080Z", "email": "vicente94@example.net", "phone_number": "+34 927492118", "id_number": "30417937T", "groups": [], "user_permissions": []}}, {"model": "Reception.hoteluser", "pk": 117, "fields": {"password": "pbkdf2_sha256$720000$oG89tx5ZsjlNlWptK8NFdK$3A/mhUU8NCPusDWEZ2h90Zr3av+yFuQyhYm8Fbr4pZE=", "last_login": null, "is_superuser": false, "username": "joaquina_bueno", "first_name": "Joaquina", "last_name": "Bueno Bonito", "is_staff": false, "is_active": true, "date_joined": "2024-04-25T15:03:46.362Z", "email": "hvall@example.com", "phone_number": "+34923 386 858", "id_number": "75534744F", "groups": [], "user_permissions": []}}, {"model": "Reception.hoteluser", "pk": 118, "fields": {"password": "pbkdf2_sha256$720000$RPv8zNGLRv6c4oiraIlNCL$+UwckvKfVrB7QgPB2f5cKaicv0w+LGo78ZGerW7CGhI=", "last_login": null, "is_superuser": false, "username": "lope_carnero", "first_name": "Lope", "last_name": "Carnero", "is_staff": false, "is_active": true, "date_joined": "2024-04-25T15:03:46.644Z", "email": "zmarmol@example.net", "phone_number": "+34 826 55 39 76", "id_number": "37582680J", "groups": [], "user_permissions": []}}, {"model": "Reception.hoteluser", "pk": 119, "fields": {"password": "pbkdf2_sha256$720000$tDozzeqNc5IbDQwzskotQX$3k6rooypTMygvHaLjLr4fIC6d/Cxmx4vCsneCg7uUKM=", "last_login": null, "is_superuser": false, "username": "manuel_bautista", "first_name": "Manuel", "last_name": "Bautista", "is_staff": false, "is_active": true, "date_joined": "2024-04-25T15:03:46.929Z", "email": "lamasdan@example.net", "phone_number": "+34900 052 453", "id_number": "96540335C", "groups": [], "user_permissions": []}}, {"model": "Reception.hoteluser", "pk": 120, "fields": {"password": "pbkdf2_sha256$720000$D5zOWV5yMhjzEK9I5CZkn0$WcK1Yr9CVLjgGJ7kzos72jqshV9g7kv+5/UXZzHGUcA=", "last_login": null, "is_superuser": false, "username": "espiridión_salvador", "first_name": "Espiridión", "last_name": "Salvador", "is_staff": false, "is_active": true, "date_joined": "2024-04-25T15:03:47.216Z", "email": "eduardo04@example.com", "phone_number": "+34 924 793 643", "id_number": "70449640L", "groups": [], "user_permissions": []}}, {"model": "Reception.hoteluser", "pk": 121, "fields": {"password": "pbkdf2_sha256$720000$9lvRYvXbbC9KWO1rIQA3OE$yNxigKBvSFsCNa07iwAzQQSW3B8PbefYSU/vrxqy6XM=", "last_login": null, "is_superuser": false, "username": "ruperto_pol", "first_name": "Ruperto", "last_name": "Pol Llosa", "is_staff": false, "is_active": true, "date_joined": "2024-04-25T15:03:47.511Z", "email": "htaboada@example.org", "phone_number": "+34706876572", "id_number": "72653576A", "groups": [], "user_permissions": []}}, {"model": "Reception.hoteluser", "pk": 122, "fields": {"password": "pbkdf2_sha256$720000$LD9CNgQHvV8569O1zm5iBs$C0LkOUguCceMbDsjmtjydzETtLolc/hVDYuQpqnT3Mw=", "last_login": null, "is_superuser": false, "username": "josué_vargas", "first_name": "Josué", "last_name": "Vargas", "is_staff": false, "is_active": true, "date_joined": "2024-04-25T15:03:47.794Z", "email": "xperalta@example.net", "phone_number": "+34803 969 197", "id_number": "53809963Z", "groups": [], "user_permissions": []}}, {"model": "Reception.hoteluser", "pk": 123, "fields": {"password": "pbkdf2_sha256$720000$JxqwKXnLuIOYUTh4UAx1kp$dkFuHNAS4kYcXD2zN6y+DsdF4eg83rbUFRdJ5ATrSPA=", "last_login": null, "is_superuser": false, "username": "gustavo_ariño", "first_name": "Gustavo", "last_name": "Ariño", "is_staff": false, "is_active": true, "date_joined": "2024-04-25T15:03:48.078Z", "email": "pedrofebe@example.com", "phone_number": "+34 821 31 21 81", "id_number": "15931600Y", "groups": [], "user_permissions": []}}, {"model": "Reception.hoteluser", "pk": 124, "fields": {"password": "", "last_login": null, "is_superuser": false, "username": "", "first_name": "Test nou client", "last_name": "", "is_staff": false, "is_active": true, "date_joined": "2024-04-27T11:50:11.585Z", "email": "sadkjas@hola.com", "phone_number": "123123123", "id_number": "", "groups": [], "user_permissions": []}}, {"model": "Reception.hoteluser", "pk": 125, "fields": {"password": "pbkdf2_sha256$720000$Us5AQc2kcBo0Q5KcxfLlqi$8CWOo+xYf99lsuK1ze7CphS6cn/2Hs+UpckeDJmJAn0=", "last_login": null, "is_superuser": false, "username": "luís_ortuño", "first_name": "Luís", "last_name": "Ortuño", "is_staff": false, "is_active": true, "date_joined": "2024-04-29T20:25:38.304Z", "email": "prudenciogiron@example.net", "phone_number": "+34 912 96 12 92", "id_number": "71073190Q", "groups": [], "user_permissions": []}}, {"model": "Reception.hoteluser", "pk": 126, "fields": {"password": "pbkdf2_sha256$720000$UdPkPlTVzKk3n1nfzeXEDA$m9IzQWIow8YepEBLQago96Ti0OjTuQusAqNgMeWS9Ac=", "last_login": null, "is_superuser": false, "username": "reina_blanca cabrero", "first_name": "Reina", "last_name": "Blanca Cabrero", "is_staff": false, "is_active": true, "date_joined": "2024-04-29T20:25:38.590Z", "email": "hernando69@example.org", "phone_number": "+34816 33 86 87", "id_number": "29550711N", "groups": [], "user_permissions": []}}, {"model": "Reception.hoteluser", "pk": 127, "fields": {"password": "pbkdf2_sha256$720000$0EhBEmzEMkhCDutQEGAkGK$6LP594QbCiCGolTpV3A62s7snCfNSOLoDBNm5y5+gfA=", "last_login": null, "is_superuser": false, "username": "andrea_galán", "first_name": "Andrea", "last_name": "Galán", "is_staff": false, "is_active": true, "date_joined": "2024-04-29T20:25:38.872Z", "email": "conchagras@example.com", "phone_number": "+34980294600", "id_number": "55644717N", "groups": [], "user_permissions": []}}, {"model": "Reception.hoteluser", "pk": 128, "fields": {"password": "pbkdf2_sha256$720000$IIhdCiUsnnguhLwE3uMaZN$sdZROM11VBiWG/pJIFo922Jj8WHlTtjXTh49kEXpelo=", "last_login": null, "is_superuser": false, "username": "geraldo_mendizábal mínguez", "first_name": "Geraldo", "last_name": "Mendizábal Mínguez", "is_staff": false, "is_active": true, "date_joined": "2024-04-29T20:25:39.163Z", "email": "mireiarico@example.org", "phone_number": "+34824 120 857", "id_number": "52836332L", "groups": [], "user_permissions": []}}, {"model": "Reception.hoteluser", "pk": 129, "fields": {"password": "pbkdf2_sha256$720000$IqcuTVWSYiVkzdr8tMgF3Q$LnXQfTHs1OqwA8ZNbZQgHocZutZp1Chpra4ETJdfXXE=", "last_login": null, "is_superuser": false, "username": "vanesa_mesa aragón", "first_name": "Vanesa", "last_name": "Mesa Aragón", "is_staff": false, "is_active": true, "date_joined": "2024-04-29T20:25:39.442Z", "email": "liliana89@example.org", "phone_number": "+34924 81 65 91", "id_number": "13873361Z", "groups": [], "user_permissions": []}}, {"model": "Reception.hoteluser", "pk": 130, "fields": {"password": "pbkdf2_sha256$720000$2OzE0iF7T6LcCcAGGGZLPB$RfI+JFSeWerusNpKsYtULg41fKa4eLyK7vyXKcIjVWQ=", "last_login": null, "is_superuser": false, "username": "sara_durán", "first_name": "Sara", "last_name": "Durán", "is_staff": false, "is_active": true, "date_joined": "2024-04-29T20:25:39.725Z", "email": "aurelioamaya@example.net", "phone_number": "+34847265428", "id_number": "86369719G", "groups": [], "user_permissions": []}}, {"model": "Reception.hoteluser", "pk": 131, "fields": {"password": "pbkdf2_sha256$720000$UcysdPd1ciLmJTpTPDfDo9$/u+lzPh7yhlARPnqau9FEfdr3d3tDA57eMwbW1NaL+k=", "last_login": null, "is_superuser": false, "username": "dulce_pineda salinas", "first_name": "Dulce", "last_name": "Pineda Salinas", "is_staff": false, "is_active": true, "date_joined": "2024-04-29T20:25:40.009Z", "email": "epalacios@example.org", "phone_number": "+34 800694028", "id_number": "05239730P", "groups": [], "user_permissions": []}}, {"model": "Reception.hoteluser", "pk": 132, "fields": {"password": "pbkdf2_sha256$720000$ruNjOQ0dIe5J9jvTMOE7Pm$XpJXezpwkT3/adkbLowIueQC3Qdht3tisEseBt40jsE=", "last_login": null, "is_superuser": false, "username": "aureliano_quesada", "first_name": "Aureliano", "last_name": "Quesada", "is_staff": false, "is_active": true, "date_joined": "2024-04-29T20:25:40.291Z", "email": "clotilde94@example.com", "phone_number": "+34902 75 48 78", "id_number": "29786869Y", "groups": [], "user_permissions": []}}, {"model": "Reception.hoteluser", "pk": 133, "fields": {"password": "pbkdf2_sha256$720000$PVlApzhQmdPAYFINqRDlWH$5sPh9JWcXK8wE+blm1vC6vIZ3snKi3XAwgtCPkKxMlQ=", "last_login": null, "is_superuser": false, "username": "celestina_garrido", "first_name": "Celestina", "last_name": "Garrido", "is_staff": false, "is_active": true, "date_joined": "2024-04-29T20:25:40.572Z", "email": "bcervantes@example.com", "phone_number": "+34842002681", "id_number": "26754232B", "groups": [], "user_permissions": []}}, {"model": "Reception.hoteluser", "pk": 134, "fields": {"password": "pbkdf2_sha256$720000$pfgaTwT7XWkhsC3Uhnmros$h/eKgGin/w2Obg1r9RqzYFu4xvnNx/LLn3oCYh+H1O8=", "last_login": null, "is_superuser": false, "username": "máxima_múñiz", "first_name": "Máxima", "last_name": "Múñiz", "is_staff": false, "is_active": true, "date_joined": "2024-04-29T20:25:40.860Z", "email": "celsosalgado@example.com", "phone_number": "+34822693442", "id_number": "64427939V", "groups": [], "user_permissions": []}}, {"model": "Reception.hoteluser", "pk": 135, "fields": {"password": "pbkdf2_sha256$720000$sLp0ZcLSvxIbCUBBIrzXMj$H0wdgJ5RqJEOyP0quEMb1ARXYn8Yd2nD/EzUlqjIRxk=", "last_login": null, "is_superuser": false, "username": "atilio_calvet", "first_name": "Atilio", "last_name": "Calvet", "is_staff": false, "is_active": true, "date_joined": "2024-04-29T20:25:41.142Z", "email": "pomaresvalero@example.org", "phone_number": "+34979222609", "id_number": "58320712A", "groups": [], "user_permissions": []}}, {"model": "Reception.hoteluser", "pk": 136, "fields": {"password": "pbkdf2_sha256$720000$H5x1rCRHcUxLYWvTN8xjEp$DVI/GxnMBrTPt3ueAtUNibiHWcId3gTEWOa6Wp9lWY4=", "last_login": null, "is_superuser": false, "username": "buenaventura_plaza", "first_name": "Buenaventura", "last_name": "Plaza", "is_staff": false, "is_active": true, "date_joined": "2024-04-29T20:25:41.423Z", "email": "severinoconde@example.net", "phone_number": "+34823 11 93 93", "id_number": "64797485E", "groups": [], "user_permissions": []}}, {"model": "Reception.hoteluser", "pk": 137, "fields": {"password": "pbkdf2_sha256$720000$AhMFbat9PF5Y7VFkJJFU7z$mG9RpCuAH5l7pjMZrYAY4fXF6eewaxDeEEjrxxMsbww=", "last_login": null, "is_superuser": false, "username": "maría del carmen_murillo", "first_name": "María Del Carmen", "last_name": "Murillo", "is_staff": false, "is_active": true, "date_joined": "2024-04-29T20:25:41.705Z", "email": "loboeladio@example.net", "phone_number": "+34 875 82 07 76", "id_number": "94915512D", "groups": [], "user_permissions": []}}, {"model": "Reception.hoteluser", "pk": 138, "fields": {"password": "pbkdf2_sha256$720000$7Pik5x3TTYRjNxfbCowKBE$R7FGEj39FeQ/bVT3avnQJuNbt6bJa8IyZKiub+l+gXA=", "last_login": null, "is_superuser": false, "username": "leandro_pinilla", "first_name": "Leandro", "last_name": "Pinilla", "is_staff": false, "is_active": true, "date_joined": "2024-04-29T20:25:41.987Z", "email": "diego85@example.net", "phone_number": "+34 979929329", "id_number": "88188419W", "groups": [], "user_permissions": []}}, {"model": "Reception.hoteluser", "pk": 139, "fields": {"password": "pbkdf2_sha256$720000$UCDWuiJdW5BoiiHSk8M2wE$je/oNY/Ix7CWbKkwgjTHXm7fenCoFoDKd0SsasuhRgo=", "last_login": null, "is_superuser": false, "username": "adelia_montoya", "first_name": "Adelia", "last_name": "Montoya", "is_staff": false, "is_active": true, "date_joined": "2024-04-29T20:25:42.269Z", "email": "agarces@example.org", "phone_number": "+34 803 185 635", "id_number": "67316824X", "groups": [], "user_permissions": []}}, {"model": "Reception.hoteluser", "pk": 140, "fields": {"password": "pbkdf2_sha256$720000$EVBQ6AHCmBmtIyrjldzEJt$LhU4Jq/vRscUMUmu3mAoctoMvKu90jtUfsPsNheEMBg=", "last_login": null, "is_superuser": false, "username": "alicia_cabello bolaños", "first_name": "Alicia", "last_name": "Cabello Bolaños", "is_staff": false, "is_active": true, "date_joined": "2024-04-29T20:25:42.552Z", "email": "emilia73@example.com", "phone_number": "+34825808600", "id_number": "07009683L", "groups": [], "user_permissions": []}}, {"model": "Reception.hoteluser", "pk": 141, "fields": {"password": "pbkdf2_sha256$720000$FSEm5TxdvCAL5DF9UFpBFn$Wlk0tjFf83K+u8lx73YRS7i86mfejHLLnBwsVsMdBHA=", "last_login": null, "is_superuser": false, "username": "maximiliano_ruiz villalba", "first_name": "Maximiliano", "last_name": "Ruiz Villalba", "is_staff": false, "is_active": true, "date_joined": "2024-04-29T20:25:42.834Z", "email": "drey@example.com", "phone_number": "+34972400195", "id_number": "72601574G", "groups": [], "user_permissions": []}}, {"model": "Reception.hoteluser", "pk": 142, "fields": {"password": "pbkdf2_sha256$720000$twMxmyc4ofJb4ZYqBkfvIf$k99OR4ph068esYHC6H3EgIzb8tESAecCksQOfQDxhoA=", "last_login": null, "is_superuser": false, "username": "leoncio_tejero", "first_name": "Leoncio", "last_name": "Tejero", "is_staff": false, "is_active": true, "date_joined": "2024-04-29T20:25:43.115Z", "email": "sanmartinromulo@example.net", "phone_number": "+34842 87 57 07", "id_number": "45816754H", "groups": [], "user_permissions": []}}, {"model": "Reception.hoteluser", "pk": 143, "fields": {"password": "pbkdf2_sha256$720000$hSiRUehKqbiqxUMzXTygEF$o9Kd6gl0xOsjoKKdRMoOYBXyQBAIBgxnxSyYHVHatw4=", "last_login": null, "is_superuser": false, "username": "camila_olivares talavera", "first_name": "Camila", "last_name": "Olivares Talavera", "is_staff": false, "is_active": true, "date_joined": "2024-04-29T20:25:43.393Z", "email": "eacuna@example.com", "phone_number": "+34 806 591 313", "id_number": "69802136B", "groups": [], "user_permissions": []}}, {"model": "Reception.hoteluser", "pk": 144, "fields": {"password": "pbkdf2_sha256$720000$g0kCdNdQfFdBKo5nk3VQI0$bYQX1J7cn+YolFFZnJSV9KFmh1AZNeG1qkhPxLLco/8=", "last_login": null, "is_superuser": false, "username": "josé luis_pazos", "first_name": "José Luis", "last_name": "Pazos", "is_staff": false, "is_active": true, "date_joined": "2024-04-29T20:25:43.678Z", "email": "josefa42@example.net", "phone_number": "+34941 95 55 63", "id_number": "77204409X", "groups": [], "user_permissions": []}}, {"model": "Reception.hoteluser", "pk": 145, "fields": {"password": "pbkdf2_sha256$720000$wEUX4xUy22kgydQyJBX5We$AOWLsWeAaY+sNTyIrIdlKQ6FepFBKuFEHzWco5SLekE=", "last_login": null, "is_superuser": false, "username": "josep_raya", "first_name": "Josep", "last_name": "Raya", "is_staff": false, "is_active": true, "date_joined": "2024-04-30T14:55:16.897Z", "email": "ccoll@example.com", "phone_number": "+34925 30 27 08", "id_number": "20285563T", "groups": [], "user_permissions": []}}, {"model": "Reception.hoteluser", "pk": 146, "fields": {"password": "pbkdf2_sha256$720000$xEuoCE55mrblYLkL4ok9Pf$HwohUGHy6oRYNe/8jPlFa+1OW46qXXlNwbhW88nis+w=", "last_login": null, "is_superuser": false, "username": "noemí_llorens", "first_name": "Noemí", "last_name": "Llorens", "is_staff": false, "is_active": true, "date_joined": "2024-04-30T14:55:17.188Z", "email": "luciogoni@example.net", "phone_number": "+34877 18 61 95", "id_number": "94069475G", "groups": [], "user_permissions": []}}, {"model": "Reception.hoteluser", "pk": 147, "fields": {"password": "pbkdf2_sha256$720000$SvNu8OfXmsAzCmIaHEhFnJ$JFl9TzAwZYW1a91VbXKC7e15JwFyAjxRZCmDy8rj4vM=", "last_login": null, "is_superuser": false, "username": "jose carlos_barros", "first_name": "Jose Carlos", "last_name": "Barros", "is_staff": false, "is_active": true, "date_joined": "2024-04-30T14:55:17.472Z", "email": "baezanilda@example.net", "phone_number": "+34858401867", "id_number": "77165102X", "groups": [], "user_permissions": []}}, {"model": "Reception.hoteluser", "pk": 148, "fields": {"password": "pbkdf2_sha256$720000$wDZim31YCYe630PJnXOYQe$6wL/mRENZWAkW9pkKU1/hUNs8eQ2iK+wRbBKvZCBvZ4=", "last_login": null, "is_superuser": false, "username": "lilia_hierro araujo", "first_name": "Lilia", "last_name": "Hierro Araujo", "is_staff": false, "is_active": true, "date_joined": "2024-04-30T14:55:17.776Z", "email": "urivas@example.com", "phone_number": "+34824 59 10 85", "id_number": "50635258E", "groups": [], "user_permissions": []}}, {"model": "Reception.hoteluser", "pk": 149, "fields": {"password": "pbkdf2_sha256$720000$ZirC5lbn7S6B6cfdiokzQt$+mUUu/fcx3Yx1XdS97GTumifXt2Yt+bybA+3fRowHhw=", "last_login": null, "is_superuser": false, "username": "melisa_frutos", "first_name": "Melisa", "last_name": "Frutos", "is_staff": false, "is_active": true, "date_joined": "2024-04-30T14:55:18.079Z", "email": "agustinaros@example.net", "phone_number": "+34 949 69 71 34", "id_number": "31065414G", "groups": [], "user_permissions": []}}, {"model": "Reception.hoteluser", "pk": 150, "fields": {"password": "pbkdf2_sha256$720000$DGR0CWFnnw6IIqjnsJ38Ow$zu8n4PK8RsGQL7m1JmaeXKMrXbZmdVlD60WGfq/VHxY=", "last_login": null, "is_superuser": false, "username": "eladio_rodriguez", "first_name": "Eladio", "last_name": "Rodriguez", "is_staff": false, "is_active": true, "date_joined": "2024-04-30T14:55:18.385Z", "email": "edu15@example.org", "phone_number": "+34 806182401", "id_number": "60804527W", "groups": [], "user_permissions": []}}, {"model": "Reception.hoteluser", "pk": 151, "fields": {"password": "pbkdf2_sha256$720000$M32XsqGkg28FErytxmVfFm$9idxGU5PGYzh4kyZ3IOEil2Rp8eh9uzo4NQCLNlpSs0=", "last_login": null, "is_superuser": false, "username": "alicia_tenorio", "first_name": "Alicia", "last_name": "Tenorio", "is_staff": false, "is_active": true, "date_joined": "2024-04-30T14:55:18.668Z", "email": "estrella03@example.com", "phone_number": "+34 825 83 21 15", "id_number": "75400873L", "groups": [], "user_permissions": []}}, {"model": "Reception.hoteluser", "pk": 152, "fields": {"password": "pbkdf2_sha256$720000$JB7sjYGh1aP5FKgDPiYv92$pmc/IOAhZxIrKdw1qfa9zOn/dxtnmZ9xY0QN+sbAcg0=", "last_login": null, "is_superuser": false, "username": "juan francisco_espinosa", "first_name": "Juan Francisco", "last_name": "Espinosa", "is_staff": false, "is_active": true, "date_joined": "2024-04-30T14:55:18.956Z", "email": "clementeolimpia@example.net", "phone_number": "+34 980 605 982", "id_number": "75979564F", "groups": [], "user_permissions": []}}, {"model": "Reception.hoteluser", "pk": 153, "fields": {"password": "pbkdf2_sha256$720000$NlX8etvQQ408b4fqbQAacE$XH34WQTbgyWQKPt9N4DI3m2ctLKUMAMmVTDqwQKkKOI=", "last_login": null, "is_superuser": false, "username": "olimpia_aznar aguilera", "first_name": "Olimpia", "last_name": "Aznar Aguilera", "is_staff": false, "is_active": true, "date_joined": "2024-04-30T14:55:19.244Z", "email": "augustomuniz@example.com", "phone_number": "+34735 02 87 57", "id_number": "15237341W", "groups": [], "user_permissions": []}}, {"model": "Reception.hoteluser", "pk": 154, "fields": {"password": "pbkdf2_sha256$720000$hHP60oXZBjWzymsIDjHj58$r1Ih4jiSj0UJgPR5aYuC6xpPftIbENBYemFaKvZj5tw=", "last_login": null, "is_superuser": false, "username": "viviana_correa", "first_name": "Viviana", "last_name": "Correa", "is_staff": false, "is_active": true, "date_joined": "2024-04-30T14:55:19.533Z", "email": "visitacion62@example.org", "phone_number": "+34 847137822", "id_number": "43717380S", "groups": [], "user_permissions": []}}, {"model": "Reception.hoteluser", "pk": 155, "fields": {"password": "pbkdf2_sha256$720000$S1kiyF3IsN8NHlgDFLz4nk$Y78/J/Q2o1C+B9F3HxHQWX/zMw0+xsKFnTMAEwnxUFQ=", "last_login": null, "is_superuser": false, "username": "nilda_nogués jaén", "first_name": "Nilda", "last_name": "Nogués Jaén", "is_staff": false, "is_active": true, "date_joined": "2024-04-30T14:55:19.838Z", "email": "unavarrete@example.org", "phone_number": "+34 825185867", "id_number": "41290547G", "groups": [], "user_permissions": []}}, {"model": "Reception.hoteluser", "pk": 156, "fields": {"password": "pbkdf2_sha256$720000$K3hp7WBG3PsIwSWhIeaij9$Jv3bPeZsLlcahJHzUD5FWI6V12jzdm4PZqjpsYL7tbk=", "last_login": null, "is_superuser": false, "username": "nélida_comas moll", "first_name": "Nélida", "last_name": "Comas Moll", "is_staff": false, "is_active": true, "date_joined": "2024-04-30T14:55:20.149Z", "email": "pomboemigdio@example.org", "phone_number": "+34926773886", "id_number": "40318861E", "groups": [], "user_permissions": []}}, {"model": "Reception.hoteluser", "pk": 157, "fields": {"password": "pbkdf2_sha256$720000$l41mQn0a15AxDjBFHnXdfR$5fBEYrtlu6KwO5JDA9Yy/JS22qnXXNDKtIXPL6V0A8k=", "last_login": null, "is_superuser": false, "username": "cirino_león", "first_name": "Cirino", "last_name": "León", "is_staff": false, "is_active": true, "date_joined": "2024-04-30T14:55:20.462Z", "email": "martinezleire@example.com", "phone_number": "+34 825 00 58 97", "id_number": "84070536Q", "groups": [], "user_permissions": []}}, {"model": "Reception.hoteluser", "pk": 158, "fields": {"password": "pbkdf2_sha256$720000$g0p70AaOJuESTo1S77pghE$yf3cRv1qN9zUnG5wOPGGw9YEcvJ4E1Q4+uI6ZWhjorA=", "last_login": null, "is_superuser": false, "username": "herminio_villa", "first_name": "Herminio", "last_name": "Villa", "is_staff": false, "is_active": true, "date_joined": "2024-04-30T14:55:20.763Z", "email": "martilope@example.com", "phone_number": "+34 828 853 441", "id_number": "97402283C", "groups": [], "user_permissions": []}}, {"model": "Reception.hoteluser", "pk": 159, "fields": {"password": "pbkdf2_sha256$720000$rIbOZzWuNJYm4JhJsNbvKF$twcQSHQUAWXf+gQMp9EmWBBOn5sgkMZb1td8Iad8844=", "last_login": null, "is_superuser": false, "username": "rolando_ávila hoyos", "first_name": "Rolando", "last_name": "Ávila Hoyos", "is_staff": false, "is_active": true, "date_joined": "2024-04-30T14:55:21.047Z", "email": "renemascaro@example.net", "phone_number": "+34875912452", "id_number": "49734635X", "groups": [], "user_permissions": []}}, {"model": "Reception.hoteluser", "pk": 160, "fields": {"password": "pbkdf2_sha256$720000$mTdjnvgqmpEFVJeNOCoBGs$nWlnhjy/sFlzyrPxtdymhNcSkaY2tMwi/zQeI1TeLLY=", "last_login": null, "is_superuser": false, "username": "jose angel_corbacho reig", "first_name": "Jose Angel", "last_name": "Corbacho Reig", "is_staff": false, "is_active": true, "date_joined": "2024-04-30T14:55:21.339Z", "email": "qheras@example.com", "phone_number": "+34848792977", "id_number": "17873143G", "groups": [], "user_permissions": []}}, {"model": "Reception.hoteluser", "pk": 161, "fields": {"password": "pbkdf2_sha256$720000$qJCWJ3yubsRMsecEu7ebgO$U0hu5AJItTOzfqD4vMtG55q4LJ6+PFNxGnnlgJKeLUY=", "last_login": null, "is_superuser": false, "username": "ciro_benavente cobo", "first_name": "Ciro", "last_name": "Benavente Cobo", "is_staff": false, "is_active": true, "date_joined": "2024-04-30T14:55:21.633Z", "email": "lunafelicidad@example.org", "phone_number": "+34826752725", "id_number": "35100888J", "groups": [], "user_permissions": []}}, {"model": "Reception.worker", "pk": 1, "fields": {"schedule": "none", "type": "none"}}, {"model": "Reception.client", "pk": 94, "fields": {"is_hosted": false}}, {"model": "Reception.client", "pk": 95, "fields": {"is_hosted": false}}, {"model": "Reception.client", "pk": 96, "fields": {"is_hosted": false}}, {"model": "Reception.client", "pk": 97, "fields": {"is_hosted": true}}, {"model": "Reception.client", "pk": 98, "fields": {"is_hosted": true}}, {"model": "Reception.client", "pk": 99, "fields": {"is_hosted": true}}, {"model": "Reception.client", "pk": 100, "fields": {"is_hosted": false}}, {"model": "Reception.client", "pk": 101, "fields": {"is_hosted": true}}, {"model": "Reception.client", "pk": 102, "fields": {"is_hosted": false}}, {"model": "Reception.client", "pk": 103, "fields": {"is_hosted": false}}, {"model": "Reception.client", "pk": 114, "fields": {"is_hosted": false}}, {"model": "Reception.client", "pk": 115, "fields": {"is_hosted": false}}, {"model": "Reception.client", "pk": 116, "fields": {"is_hosted": true}}, {"model": "Reception.client", "pk": 117, "fields": {"is_hosted": false}}, {"model": "Reception.client", "pk": 118, "fields": {"is_hosted": false}}, {"model": "Reception.client", "pk": 119, "fields": {"is_hosted": true}}, {"model": "Reception.client", "pk": 120, "fields": {"is_hosted": false}}, {"model": "Reception.client", "pk": 121, "fields": {"is_hosted": true}}, {"model": "Reception.client", "pk": 122, "fields": {"is_hosted": true}}, {"model": "Reception.client", "pk": 123, "fields": {"is_hosted": true}}, {"model": "Reception.client", "pk": 135, "fields": {"is_hosted": true}}, {"model": "Reception.client", "pk": 136, "fields": {"is_hosted": true}}, {"model": "Reception.client", "pk": 137, "fields": {"is_hosted": false}}, {"model": "Reception.client", "pk": 138, "fields": {"is_hosted": true}}, {"model": "Reception.client", "pk": 139, "fields": {"is_hosted": true}}, {"model": "Reception.client", "pk": 140, "fields": {"is_hosted": false}}, {"model": "Reception.client", "pk": 141, "fields": {"is_hosted": false}}, {"model": "Reception.client", "pk": 142, "fields": {"is_hosted": false}}, {"model": "Reception.client", "pk": 143, "fields": {"is_hosted": false}}, {"model": "Reception.client", "pk": 144, "fields": {"is_hosted": false}}, {"model": "Reception.client", "pk": 155, "fields": {"is_hosted": true}}, {"model": "Reception.client", "pk": 156, "fields": {"is_hosted": false}}, {"model": "Reception.client", "pk": 157, "fields": {"is_hosted": false}}, {"model": "Reception.client", "pk": 158, "fields": {"is_hosted": false}}, {"model": "Reception.client", "pk": 159, "fields": {"is_hosted": true}}, {"model": "Reception.client", "pk": 160, "fields": {"is_hosted": true}}, {"model": "Reception.client", "pk": 161, "fields": {"is_hosted": true}}, {"model": "Reception.room", "pk": 82, "fields": {"is_clean": true, "is_taken": false, "room_num": 600, "room_type": "Suite", "room_price": 100}}, {"model": "Reception.room", "pk": 83, "fields": {"is_clean": true, "is_taken": false, "room_num": 601, "room_type": "Suite", "room_price": 100}}, {"model": "Reception.room", "pk": 84, "fields": {"is_clean": false, "is_taken": false, "room_num": 100, "room_type": "Individual", "room_price": 50}}, {"model": "Reception.room", "pk": 85, "fields": {"is_clean": false, "is_taken": false, "room_num": 101, "room_type": "Individual", "room_price": 50}}, {"model": "Reception.room", "pk": 86, "fields": {"is_clean": true, "is_taken": true, "room_num": 602, "room_type": "Suite", "room_price": 100}}, {"model": "Reception.room", "pk": 87, "fields": {"is_clean": false, "is_taken": true, "room_num": 102, "room_type": "Individual", "room_price": 50}}, {"model": "Reception.room", "pk": 88, "fields": {"is_clean": true, "is_taken": false, "room_num": 500, "room_type": "Deluxe", "room_price": 125}}, {"model": "Reception.room", "pk": 89, "fields": {"is_clean": false, "is_taken": true, "room_num": 501, "room_type": "Deluxe", "room_price": 125}}, {"model": "Reception.room", "pk": 90, "fields": {"is_clean": false, "is_taken": false, "room_num": 603, "room_type": "Suite", "room_price": 100}}, {"model": "Reception.room", "pk": 91, "fields": {"is_clean": true, "is_taken": true, "room_num": 300, "room_type": "Double", "room_price": 75}}, {"model": "Reception.room", "pk": 92, "fields": {"is_clean": false, "is_taken": false, "room_num": 103, "room_type": "Individual", "room_price": 50}}, {"model": "Reception.room", "pk": 93, "fields": {"is_clean": false, "is_taken": false, "room_num": 104, "room_type": "Individual", "room_price": 50}}, {"model": "Reception.room", "pk": 94, "fields": {"is_clean": true, "is_taken": false, "room_num": 604, "room_type": "Suite", "room_price": 100}}, {"model": "Reception.room", "pk": 95, "fields": {"is_clean": true, "is_taken": false, "room_num": 605, "room_type": "Suite", "room_price": 100}}, {"model": "Reception.room", "pk": 96, "fields": {"is_clean": false, "is_taken": true, "room_num": 502, "room_type": "Deluxe", "room_price": 125}}, {"model": "Reception.room", "pk": 97, "fields": {"is_clean": true, "is_taken": true, "room_num": 606, "room_type": "Suite", "room_price": 100}}, {"model": "Reception.room", "pk": 98, "fields": {"is_clean": false, "is_taken": true, "room_num": 503, "room_type": "Deluxe", "room_price": 125}}, {"model": "Reception.room", "pk": 99, "fields": {"is_clean": false, "is_taken": false, "room_num": 105, "room_type": "Individual", "room_price": 50}}, {"model": "Reception.room", "pk": 100, "fields": {"is_clean": false, "is_taken": true, "room_num": 504, "room_type": "Deluxe", "room_price": 125}}, {"model": "Reception.room", "pk": 101, "fields": {"is_clean": false, "is_taken": true, "room_num": 505, "room_type": "Deluxe", "room_price": 125}}, {"model": "Reception.room", "pk": 102, "fields": {"is_clean": true, "is_taken": false, "room_num": 506, "room_type": "Deluxe", "room_price": 125}}, {"model": "Reception.room", "pk": 103, "fields": {"is_clean": true, "is_taken": true, "room_num": 106, "room_type": "Individual", "room_price": 50}}, {"model": "Reception.room", "pk": 104, "fields": {"is_clean": false, "is_taken": true, "room_num": 507, "room_type": "Deluxe", "room_price": 125}}, {"model": "Reception.room", "pk": 105, "fields": {"is_clean": true, "is_taken": false, "room_num": 301, "room_type": "Double", "room_price": 75}}, {"model": "Reception.room", "pk": 106, "fields": {"is_clean": false, "is_taken": true, "room_num": 508, "room_type": "Deluxe", "room_price": 125}}, {"model": "Reception.room", "pk": 107, "fields": {"is_clean": true, "is_taken": false, "room_num": 509, "room_type": "Deluxe", "room_price": 125}}, {"model": "Reception.room", "pk": 108, "fields": {"is_clean": true, "is_taken": true, "room_num": 510, "room_type": "Deluxe", "room_price": 125}}, {"model": "Reception.room", "pk": 109, "fields": {"is_clean": false, "is_taken": false, "room_num": 107, "room_type": "Individual", "room_price": 50}}, {"model": "Reception.room", "pk": 110, "fields": {"is_clean": true, "is_taken": false, "room_num": 511, "room_type": "Deluxe", "room_price": 125}}, {"model": "Reception.room", "pk": 111, "fields": {"is_clean": true, "is_taken": true, "room_num": 607, "room_type": "Suite", "room_price": 100}}, {"model": "Reception.roomreservation", "pk": 159, "fields": {"client": 142, "room": 98, "entry": "2024-05-03", "exit": "2024-05-16", "pension_type": "Sense pensió", "num_guests": 2, "is_active": false, "check_in_active": false, "check_out_active": false}}, {"model": "Reception.roomreservation", "pk": 160, "fields": {"client": 97, "room": 100, "entry": "2024-05-06", "exit": "2024-05-08", "pension_type": "Completa", "num_guests": 1, "is_active": true, "check_in_active": true, "check_out_active": false}}, {"model": "Reception.roomreservation", "pk": 161, "fields": {"client": 95, "room": 103, "entry": "2024-05-19", "exit": "2024-05-31", "pension_type": "Sense pensió", "num_guests": 4, "is_active": false, "check_in_active": true, "check_out_active": false}}, {"model": "Reception.roomreservation", "pk": 162, "fields": {"client": 122, "room": 90, "entry": "2024-05-23", "exit": "2024-06-01", "pension_type": "Sense pensió", "num_guests": 4, "is_active": true, "check_in_active": true, "check_out_active": true}}, {"model": "Reception.roomreservation", "pk": 163, "fields": {"client": 96, "room": 102, "entry": "2024-05-05", "exit": "2024-05-16", "pension_type": "Sense pensió", "num_guests": 2, "is_active": true, "check_in_active": true, "check_out_active": true}}, {"model": "Reception.roomreservation", "pk": 164, "fields": {"client": 135, "room": 99, "entry": "2024-05-15", "exit": "2024-05-28", "pension_type": "Completa", "num_guests": 4, "is_active": true, "check_in_active": false, "check_out_active": false}}, {"model": "Reception.roomreservation", "pk": 165, "fields": {"client": 136, "room": 89, "entry": "2024-05-15", "exit": "2024-05-22", "pension_type": "Esmorzar Buffet", "num_guests": 4, "is_active": false, "check_in_active": false, "check_out_active": false}}, {"model": "Reception.roomreservation", "pk": 166, "fields": {"client": 139, "room": 95, "entry": "2024-05-03", "exit": "2024-05-16", "pension_type": "Completa", "num_guests": 3, "is_active": true, "check_in_active": false, "check_out_active": false}}, {"model": "Reception.roomreservation", "pk": 167, "fields": {"client": 119, "room": 86, "entry": "2024-05-21", "exit": "2024-06-03", "pension_type": "Sense pensió", "num_guests": 2, "is_active": false, "check_in_active": false, "check_out_active": false}}, {"model": "Reception.roomreservation", "pk": 168, "fields": {"client": 116, "room": 109, "entry": "2024-05-10", "exit": "2024-05-16", "pension_type": "Completa", "num_guests": 1, "is_active": true, "check_in_active": false, "check_out_active": false}}, {"model": "Reception.roomreservation", "pk": 169, "fields": {"client": 101, "room": 82, "entry": "2024-05-12", "exit": "2024-05-20", "pension_type": "Completa", "num_guests": 3, "is_active": true, "check_in_active": true, "check_out_active": true}}, {"model": "Reception.roomreservation", "pk": 170, "fields": {"client": 161, "room": 87, "entry": "2024-05-18", "exit": "2024-05-21", "pension_type": "Esmorzar Buffet", "num_guests": 1, "is_active": true, "check_in_active": false, "check_out_active": false}}, {"model": "Reception.roomreservation", "pk": 171, "fields": {"client": 123, "room": 93, "entry": "2024-05-20", "exit": "2024-05-29", "pension_type": "Esmorzar Buffet", "num_guests": 3, "is_active": false, "check_in_active": false, "check_out_active": false}}, {"model": "Reception.roomreservation", "pk": 172, "fields": {"client": 137, "room": 111, "entry": "2024-05-09", "exit": "2024-05-18", "pension_type": "Completa", "num_guests": 4, "is_active": false, "check_in_active": false, "check_out_active": false}}, {"model": "Reception.roomreservation", "pk": 173, "fields": {"client": 101, "room": 97, "entry": "2024-05-06", "exit": "2024-05-08", "pension_type": "Completa", "num_guests": 1, "is_active": true, "check_in_active": false, "check_out_active": false}}, {"model": "Reception.roomreservation", "pk": 174, "fields": {"client": 94, "room": 105, "entry": "2024-05-08", "exit": "2024-05-23", "pension_type": "Completa", "num_guests": 3, "is_active": true, "check_in_active": false, "check_out_active": false}}, {"model": "Reception.roomreservation", "pk": 175, "fields": {"client": 121, "room": 98, "entry": "2024-05-20", "exit": "2024-06-01", "pension_type": "Completa", "num_guests": 1, "is_active": false, "check_in_active": true, "check_out_active": false}}, {"model": "Reception.roomreservation", "pk": 176, "fields": {"client": 121, "room": 111, "entry": "2024-05-30", "exit": "2024-06-01", "pension_type": "Completa", "num_guests": 3, "is_active": true, "check_in_active": true, "check_out_active": true}}, {"model": "Reception.roomreservation", "pk": 177, "fields": {"client": 99, "room": 108, "entry": "2024-05-15", "exit": "2024-05-22", "pension_type": "Completa", "num_guests": 4, "is_active": false, "check_in_active": false, "check_out_active": false}}, {"model": "Reception.roomreservation", "pk": 178, "fields": {"client": 155, "room": 84, "entry": "2024-05-12", "exit": "2024-05-15", "pension_type": "Esmorzar Buffet", "num_guests": 1, "is_active": false, "check_in_active": false, "check_out_active": false}}, {"model": "Reception.roomreservation", "pk": 179, "fields": {"client": 120, "room": 83, "entry": "2024-05-30", "exit": "2024-06-07", "pension_type": "Completa", "num_guests": 3, "is_active": true, "check_in_active": true, "check_out_active": false}}, {"model": "Reception.roomreservation", "pk": 180, "fields": {"client": 123, "room": 107, "entry": "2024-05-07", "exit": "2024-05-16", "pension_type": "Esmorzar Buffet", "num_guests": 2, "is_active": true, "check_in_active": true, "check_out_active": false}}, {"model": "Reception.roomreservation", "pk": 181, "fields": {"client": 144, "room": 88, "entry": "2024-05-09", "exit": "2024-05-16", "pension_type": "Sense pensió", "num_guests": 2, "is_active": false, "check_in_active": true, "check_out_active": false}}, {"model": "Reception.roomreservation", "pk": 182, "fields": {"client": 140, "room": 104, "entry": "2024-05-19", "exit": "2024-05-29", "pension_type": "Esmorzar Buffet", "num_guests": 2, "is_active": true, "check_in_active": true, "check_out_active": false}}, {"model": "Reception.roomreservation", "pk": 183, "fields": {"client": 103, "room": 94, "entry": "2024-05-09", "exit": "2024-05-21", "pension_type": "Sense pensió", "num_guests": 2, "is_active": false, "check_in_active": false, "check_out_active": false}}, {"model": "Reception.roomreservation", "pk": 184, "fields": {"client": 158, "room": 92, "entry": "2024-05-02", "exit": "2024-05-12", "pension_type": "Completa", "num_guests": 3, "is_active": false, "check_in_active": true, "check_out_active": false}}, {"model": "Reception.roomreservation", "pk": 185, "fields": {"client": 114, "room": 96, "entry": "2024-05-16", "exit": "2024-05-21", "pension_type": "Completa", "num_guests": 2, "is_active": true, "check_in_active": false, "check_out_active": false}}, {"model": "Reception.roomreservation", "pk": 186, "fields": {"client": 158, "room": 84, "entry": "2024-05-20", "exit": "2024-05-22", "pension_type": "Esmorzar Buffet", "num_guests": 4, "is_active": false, "check_in_active": true, "check_out_active": false}}, {"model": "Reception.roomreservation", "pk": 187, "fields": {"client": 95, "room": 93, "entry": "2024-05-30", "exit": "2024-06-04", "pension_type": "Esmorzar Buffet", "num_guests": 2, "is_active": true, "check_in_active": false, "check_out_active": false}}, {"model": "Reception.roomreservation", "pk": 188, "fields": {"client": 97, "room": 84, "entry": "2024-05-17", "exit": "2024-05-18", "pension_type": "Esmorzar Buffet", "num_guests": 1, "is_active": false, "check_in_active": false, "check_out_active": false}}, {"model": "Reception.roomreservation", "pk": 189, "fields": {"client": 159, "room": 110, "entry": "2024-05-25", "exit": "2024-05-28", "pension_type": "Sense pensió", "num_guests": 4, "is_active": false, "check_in_active": true, "check_out_active": true}}, {"model": "Reception.roomreservation", "pk": 190, "fields": {"client": 136, "room": 85, "entry": "2024-05-14", "exit": "2024-05-15", "pension_type": "Sense pensió", "num_guests": 3, "is_active": true, "check_in_active": true, "check_out_active": false}}, {"model": "Reception.roomreservation", "pk": 191, "fields": {"client": 143, "room": 88, "entry": "2024-05-27", "exit": "2024-06-11", "pension_type": "Sense pensió", "num_guests": 3, "is_active": false, "check_in_active": true, "check_out_active": true}}, {"model": "Reception.roomreservation", "pk": 192, "fields": {"client": 121, "room": 101, "entry": "2024-05-04", "exit": "2024-05-05", "pension_type": "Sense pensió", "num_guests": 1, "is_active": false, "check_in_active": true, "check_out_active": true}}, {"model": "Reception.roomreservation", "pk": 193, "fields": {"client": 99, "room": 103, "entry": "2024-05-05", "exit": "2024-05-10", "pension_type": "Completa", "num_guests": 2, "is_active": false, "check_in_active": true, "check_out_active": true}}, {"model": "Reception.roomreservation", "pk": 194, "fields": {"client": 117, "room": 91, "entry": "2024-05-19", "exit": "2024-05-22", "pension_type": "Completa", "num_guests": 4, "is_active": false, "check_in_active": true, "check_out_active": true}}, {"model": "Reception.roomreservation", "pk": 195, "fields": {"client": 122, "room": 92, "entry": "2024-05-30", "exit": "2024-06-06", "pension_type": "Esmorzar Buffet", "num_guests": 4, "is_active": true, "check_in_active": false, "check_out_active": false}}, {"model": "Reception.roomreservation", "pk": 196, "fields": {"client": 115, "room": 101, "entry": "2024-05-21", "exit": "2024-06-04", "pension_type": "Completa", "num_guests": 1, "is_active": true, "check_in_active": false, "check_out_active": false}}, {"model": "Reception.roomreservation", "pk": 197, "fields": {"client": 135, "room": 89, "entry": "2024-05-29", "exit": "2024-06-08", "pension_type": "Esmorzar Buffet", "num_guests": 4, "is_active": false, "check_in_active": false, "check_out_active": false}}, {"model": "Reception.roomreservation", "pk": 198, "fields": {"client": 140, "room": 108, "entry": "2024-05-02", "exit": "2024-05-03", "pension_type": "Esmorzar Buffet", "num_guests": 3, "is_active": false, "check_in_active": true, "check_out_active": false}}, {"model": "Reception.roomreservation", "pk": 199, "fields": {"client": 137, "room": 91, "entry": "2024-05-23", "exit": "2024-05-26", "pension_type": "Esmorzar Buffet", "num_guests": 2, "is_active": false, "check_in_active": false, "check_out_active": false}}, {"model": "Reception.roomreservation", "pk": 200, "fields": {"client": 102, "room": 91, "entry": "2024-05-29", "exit": "2024-06-06", "pension_type": "Completa", "num_guests": 4, "is_active": false, "check_in_active": true, "check_out_active": false}}, {"model": "Reception.roomreservation", "pk": 201, "fields": {"client": 160, "room": 106, "entry": "2024-05-21", "exit": "2024-05-30", "pension_type": "Sense pensió", "num_guests": 3, "is_active": false, "check_in_active": true, "check_out_active": true}}, {"model": "Reception.roomreservation", "pk": 202, "fields": {"client": 119, "room": 94, "entry": "2024-05-26", "exit": "2024-05-30", "pension_type": "Sense pensió", "num_guests": 3, "is_active": false, "check_in_active": true, "check_out_active": true}}, {"model": "Reception.roomreservation", "pk": 203, "fields": {"client": 155, "room": 108, "entry": "2024-05-05", "exit": "2024-05-07", "pension_type": "Sense pensió", "num_guests": 2, "is_active": false, "check_in_active": false, "check_out_active": false}}, {"model": "Reception.roomreservation", "pk": 204, "fields": {"client": 144, "room": 84, "entry": "2024-05-01", "exit": "2024-05-07", "pension_type": "Completa", "num_guests": 2, "is_active": true, "check_in_active": false, "check_out_active": false}}, {"model": "Reception.roomreservation", "pk": 205, "fields": {"client": 143, "room": 97, "entry": "2024-05-14", "exit": "2024-05-17", "pension_type": "Sense pensió", "num_guests": 1, "is_active": true, "check_in_active": true, "check_out_active": true}}, {"model": "Reception.roomreservation", "pk": 206, "fields": {"client": 122, "room": 102, "entry": "2024-05-20", "exit": "2024-05-27", "pension_type": "Completa", "num_guests": 4, "is_active": true, "check_in_active": true, "check_out_active": false}}, {"model": "Reception.roomreservation", "pk": 207, "fields": {"client": 96, "room": 109, "entry": "2024-05-23", "exit": "2024-05-29", "pension_type": "Sense pensió", "num_guests": 3, "is_active": false, "check_in_active": true, "check_out_active": false}}, {"model": "Reception.roomreservation", "pk": 208, "fields": {"client": 143, "room": 105, "entry": "2024-05-31", "exit": "2024-06-09", "pension_type": "Esmorzar Buffet", "num_guests": 1, "is_active": true, "check_in_active": true, "check_out_active": false}}, {"model": "Reception.roomreservation", "pk": 209, "fields": {"client": 102, "room": 111, "entry": "2024-06-03", "exit": "2024-06-17", "pension_type": "Sense pensió", "num_guests": 1, "is_active": false, "check_in_active": false, "check_out_active": false}}, {"model": "Reception.roomreservation", "pk": 210, "fields": {"client": 117, "room": 84, "entry": "2024-05-31", "exit": "2024-06-12", "pension_type": "Completa", "num_guests": 2, "is_active": true, "check_in_active": false, "check_out_active": false}}, {"model": "Reception.roomreservation", "pk": 211, "fields": {"client": 123, "room": 83, "entry": "2024-05-15", "exit": "2024-05-18", "pension_type": "Sense pensió", "num_guests": 3, "is_active": false, "check_in_active": false, "check_out_active": false}}, {"model": "Reception.roomreservation", "pk": 212, "fields": {"client": 123, "room": 83, "entry": "2024-05-25", "exit": "2024-05-26", "pension_type": "Sense pensió", "num_guests": 4, "is_active": false, "check_in_active": false, "check_out_active": false}}, {"model": "Reception.roomreservation", "pk": 213, "fields": {"client": 97, "room": 92, "entry": "2024-05-28", "exit": "2024-05-29", "pension_type": "Esmorzar Buffet", "num_guests": 1, "is_active": true, "check_in_active": true, "check_out_active": false}}, {"model": "Reception.despeses", "pk": 115, "fields": {"room_reservation": 179, "pension_costs": 20, "room_type_costs": 100}}, {"model": "Reception.despeses", "pk": 116, "fields": {"room_reservation": 180, "pension_costs": 10, "room_type_costs": 125}}, {"model": "Reception.despeses", "pk": 117, "fields": {"room_reservation": 181, "pension_costs": 0, "room_type_costs": 125}}, {"model": "Reception.despeses", "pk": 118, "fields": {"room_reservation": 182, "pension_costs": 10, "room_type_costs": 125}}, {"model": "Reception.despeses", "pk": 119, "fields": {"room_reservation": 183, "pension_costs": 0, "room_type_costs": 100}}, {"model": "Reception.despeses", "pk": 120, "fields": {"room_reservation": 184, "pension_costs": 20, "room_type_costs": 50}}, {"model": "Reception.despeses", "pk": 121, "fields": {"room_reservation": 185, "pension_costs": 20, "room_type_costs": 125}}, {"model": "Reception.despeses", "pk": 122, "fields": {"room_reservation": 186, "pension_costs": 10, "room_type_costs": 50}}, {"model": "Reception.despeses", "pk": 123, "fields": {"room_reservation": 187, "pension_costs": 10, "room_type_costs": 50}}, {"model": "Reception.despeses", "pk": 124, "fields": {"room_reservation": 188, "pension_costs": 10, "room_type_costs": 50}}, {"model": "Reception.despeses", "pk": 125, "fields": {"room_reservation": 189, "pension_costs": 0, "room_type_costs": 125}}, {"model": "Reception.despeses", "pk": 126, "fields": {"room_reservation": 190, "pension_costs": 0, "room_type_costs": 50}}, {"model": "Reception.despeses", "pk": 127, "fields": {"room_reservation": 191, "pension_costs": 0, "room_type_costs": 125}}, {"model": "Reception.despeses", "pk": 128, "fields": {"room_reservation": 192, "pension_costs": 0, "room_type_costs": 125}}, {"model": "Reception.despeses", "pk": 129, "fields": {"room_reservation": 193, "pension_costs": 20, "room_type_costs": 50}}, {"model": "Reception.despeses", "pk": 130, "fields": {"room_reservation": 194, "pension_costs": 20, "room_type_costs": 75}}, {"model": "Reception.despeses", "pk": 131, "fields": {"room_reservation": 195, "pension_costs": 10, "room_type_costs": 50}}, {"model": "Reception.despeses", "pk": 132, "fields": {"room_reservation": 196, "pension_costs": 20, "room_type_costs": 125}}, {"model": "Reception.despeses", "pk": 133, "fields": {"room_reservation": 197, "pension_costs": 10, "room_type_costs": 125}}, {"model": "Reception.despeses", "pk": 134, "fields": {"room_reservation": 198, "pension_costs": 10, "room_type_costs": 125}}, {"model": "Reception.despeses", "pk": 135, "fields": {"room_reservation": 199, "pension_costs": 10, "room_type_costs": 75}}, {"model": "Reception.despeses", "pk": 136, "fields": {"room_reservation": 200, "pension_costs": 20, "room_type_costs": 75}}, {"model": "Reception.despeses", "pk": 137, "fields": {"room_reservation": 201, "pension_costs": 0, "room_type_costs": 125}}, {"model": "Reception.despeses", "pk": 138, "fields": {"room_reservation": 202, "pension_costs": 0, "room_type_costs": 100}}, {"model": "Reception.despeses", "pk": 139, "fields": {"room_reservation": 203, "pension_costs": 0, "room_type_costs": 125}}, {"model": "Reception.despeses", "pk": 140, "fields": {"room_reservation": 204, "pension_costs": 20, "room_type_costs": 50}}, {"model": "Reception.despeses", "pk": 141, "fields": {"room_reservation": 160, "pension_costs": 20, "room_type_costs": 125}}, {"model": "Reception.despeses", "pk": 142, "fields": {"room_reservation": 162, "pension_costs": 0, "room_type_costs": 100}}, {"model": "Reception.despeses", "pk": 143, "fields": {"room_reservation": 163, "pension_costs": 0, "room_type_costs": 125}}, {"model": "Reception.despeses", "pk": 144, "fields": {"room_reservation": 164, "pension_costs": 20, "room_type_costs": 50}}, {"model": "Reception.despeses", "pk": 145, "fields": {"room_reservation": 166, "pension_costs": 20, "room_type_costs": 100}}, {"model": "Reception.despeses", "pk": 146, "fields": {"room_reservation": 168, "pension_costs": 20, "room_type_costs": 50}}, {"model": "Reception.despeses", "pk": 147, "fields": {"room_reservation": 169, "pension_costs": 20, "room_type_costs": 100}}, {"model": "Reception.despeses", "pk": 148, "fields": {"room_reservation": 170, "pension_costs": 10, "room_type_costs": 50}}, {"model": "Reception.despeses", "pk": 149, "fields": {"room_reservation": 173, "pension_costs": 20, "room_type_costs": 100}}, {"model": "Reception.despeses", "pk": 150, "fields": {"room_reservation": 174, "pension_costs": 20, "room_type_costs": 75}}, {"model": "Reception.despeses", "pk": 151, "fields": {"room_reservation": 176, "pension_costs": 20, "room_type_costs": 100}}, {"model": "Reception.despeses", "pk": 152, "fields": {"room_reservation": 205, "pension_costs": 0, "room_type_costs": 100}}, {"model": "Reception.despeses", "pk": 153, "fields": {"room_reservation": 206, "pension_costs": 20, "room_type_costs": 125}}, {"model": "Reception.despeses", "pk": 154, "fields": {"room_reservation": 207, "pension_costs": 0, "room_type_costs": 50}}, {"model": "Reception.despeses", "pk": 155, "fields": {"room_reservation": 208, "pension_costs": 10, "room_type_costs": 75}}, {"model": "Reception.despeses", "pk": 156, "fields": {"room_reservation": 209, "pension_costs": 0, "room_type_costs": 100}}, {"model": "Reception.despeses", "pk": 157, "fields": {"room_reservation": 210, "pension_costs": 20, "room_type_costs": 50}}, {"model": "Reception.despeses", "pk": 158, "fields": {"room_reservation": 211, "pension_costs": 0, "room_type_costs": 100}}, {"model": "Reception.despeses", "pk": 159, "fields": {"room_reservation": 212, "pension_costs": 0, "room_type_costs": 100}}, {"model": "Reception.despeses", "pk": 160, "fields": {"room_reservation": 213, "pension_costs": 10, "room_type_costs": 50}}, {"model": "Reception.extracosts", "pk": 9, "fields": {"room_reservation": 175, "extra_costs_type": "Parking", "extra_costs_price": 75}}, {"model": "Reception.extracosts", "pk": 10, "fields": {"room_reservation": 179, "extra_costs_type": "Perdua de claus", "extra_costs_price": 83}}, {"model": "Reception.extracosts", "pk": 11, "fields": {"room_reservation": 184, "extra_costs_type": "Parking", "extra_costs_price": 15}}, {"model": "Reception.extracosts", "pk": 12, "fields": {"room_reservation": 202, "extra_costs_type": "Parking", "extra_costs_price": 12}}, {"model": "Reception.extracosts", "pk": 13, "fields": {"room_reservation": 203, "extra_costs_type": "Desperfectes", "extra_costs_price": 66}}, {"model": "Reception.extracosts", "pk": 14, "fields": {"room_reservation": 194, "extra_costs_type": "Desperfectes", "extra_costs_price": 83}}, {"model": "Reception.extracosts", "pk": 15, "fields": {"room_reservation": 199, "extra_costs_type": "Perdua de claus", "extra_costs_price": 72}}, {"model": "Reception.extracosts", "pk": 16, "fields": {"room_reservation": 165, "extra_costs_type": "Perdua de claus", "extra_costs_price": 23}}, {"model": "Reception.extracosts", "pk": 17, "fields": {"room_reservation": 190, "extra_costs_type": "Perdua de claus", "extra_costs_price": 94}}, {"model": "Reception.extracosts", "pk": 18, "fields": {"room_reservation": 159, "extra_costs_type": "Servei habitacions", "extra_costs_price": 74}}, {"model": "Reception.extracosts", "pk": 19, "fields": {"room_reservation": 183, "extra_costs_type": "Desperfectes", "extra_costs_price": 75}}, {"model": "Reception.extracosts", "pk": 20, "fields": {"room_reservation": 182, "extra_costs_type": "Servei habitacions", "extra_costs_price": 23}}, {"model": "Reception.extracosts", "pk": 21, "fields": {"room_reservation": 207, "extra_costs_type": "Servei habitacions", "extra_costs_price": 12}}, {"model": "Reception.extracosts", "pk": 22, "fields": {"room_reservation": 165, "extra_costs_type": "Servei habitacions", "extra_costs_price": 74}}, {"model": "Reception.extracosts", "pk": 23, "fields": {"room_reservation": 177, "extra_costs_type": "Parking", "extra_costs_price": 94}}, {"model": "Reception.extracosts", "pk": 24, "fields": {"room_reservation": 194, "extra_costs_type": "Parking", "extra_costs_price": 58}}, {"model": "Reception.extracosts", "pk": 25, "fields": {"room_reservation": 211, "extra_costs_type": "Perdua de claus", "extra_costs_price": 80}}, {"model": "Reception.extracosts", "pk": 26, "fields": {"room_reservation": 162, "extra_costs_type": "Perdua de claus", "extra_costs_price": 75}}, {"model": "Reception.extracosts", "pk": 27, "fields": {"room_reservation": 168, "extra_costs_type": "Perdua de claus", "extra_costs_price": 95}}, {"model": "Reception.extracosts", "pk": 28, "fields": {"room_reservation": 178, "extra_costs_type": "Servei habitacions", "extra_costs_price": 10}}, {"model": "Reception.extracosts", "pk": 29, "fields": {"room_reservation": 208, "extra_costs_type": "Parking", "extra_costs_price": 85}}, {"model": "Reception.extracosts", "pk": 30, "fields": {"room_reservation": 184, "extra_costs_type": "Perdua de claus", "extra_costs_price": 77}}, {"model": "Reception.extracosts", "pk": 31, "fields": {"room_reservation": 193, "extra_costs_type": "Parking", "extra_costs_price": 21}}, {"model": "Reception.extracosts", "pk": 32, "fields": {"room_reservation": 170, "extra_costs_type": "Perdua de claus", "extra_costs_price": 36}}, {"model": "Reception.extracosts", "pk": 33, "fields": {"room_reservation": 172, "extra_costs_type": "Perdua de claus", "extra_costs_price": 91}}, {"model": "Reception.extracosts", "pk": 34, "fields": {"room_reservation": 182, "extra_costs_type": "Parking", "extra_costs_price": 77}}, {"model": "Reception.extracosts", "pk": 35, "fields": {"room_reservation": 166, "extra_costs_type": "Parking", "extra_costs_price": 57}}, {"model": "Reception.extracosts", "pk": 36, "fields": {"room_reservation": 204, "extra_costs_type": "Desperfectes", "extra_costs_price": 51}}, {"model": "Reception.extracosts", "pk": 37, "fields": {"room_reservation": 164, "extra_costs_type": "Perdua de claus", "extra_costs_price": 90}}, {"model": "Reception.extracosts", "pk": 38, "fields": {"room_reservation": 176, "extra_costs_type": "Parking", "extra_costs_price": 64}}, {"model": "Cleaner.cleaningmaterial", "pk": 141, "fields": {"material_name": "Esponja", "image": "cleaning_materials/esponja.png"}}, {"model": "Cleaner.cleaningmaterial", "pk": 142, "fields": {"material_name": "Guantes", "image": "cleaning_materials/guantes.png"}}, {"model": "Cleaner.cleaningmaterial", "pk": 143, "fields": {"material_name": "Spray", "image": "cleaning_materials/spray.avif"}}, {"model": "Cleaner.cleaningmaterial", "pk": 144, "fields": {"material_name": "Toalla", "image": "cleaning_materials/toalla.avif"}}, {"model": "Cleaner.cleaningmaterial", "pk": 145, "fields": {"material_name": "Fregasuelos", "image": "cleaning_materials/fregasuelos.avif"}}, {"model": "Cleaner.cleaningmaterial", "pk": 146, "fields": {"material_name": "lejia", "image": "cleaning_materials/lejia.avif"}}, {"model": "Cleaner.cleaningmaterial", "pk": 147, "fields": {"material_name": "limpiacristales", "image": "cleaning_materials/limpiacristales.avif"}}, {"model": "Cleaner.cleaningmaterial", "pk": 148, "fields": {"material_name": "mopa", "image": "cleaning_materials/mopa.avif"}}, {"model": "Cleaner.cleaningmaterial", "pk": 149, "fields": {"material_name": "trapos", "image": "cleaning_materials/trapos.avif"}}, {"model": "Cleaner.stock", "pk": 149, "fields": {"material": 141, "price": 38.59, "is_available": true, "is_active": true}}, {"model": "Cleaner.stock", "pk": 150, "fields": {"material": 142, "price": 42.2, "is_available": false, "is_active": true}}, {"model": "Cleaner.stock", "pk": 151, "fields": {"material": 143, "price": 50.29, "is_available": true, "is_active": true}}, {"model": "Cleaner.stock", "pk": 152, "fields": {"material": 144, "price": 14.04, "is_available": false, "is_active": true}}, {"model": "Cleaner.stock", "pk": 153, "fields": {"material": 145, "price": 45.58, "is_available": true, "is_active": true}}, {"model": "Cleaner.stock", "pk": 154, "fields": {"material": 146, "price": 16.86, "is_available": false, "is_active": true}}, {"model": "Cleaner.stock", "pk": 155, "fields": {"material": 147, "price": 29.59, "is_available": true, "is_active": true}}, {"model": "Cleaner.stock", "pk": 156, "fields": {"material": 148, "price": 21.99, "is_available": false, "is_active": true}}, {"model": "Cleaner.stock", "pk": 157, "fields": {"material": 149, "price": 38.54, "is_available": false, "is_active": true}}, {"model": "Cleaner.cleanedroom", "pk": 66, "fields": {"room": 101, "date": "2024-04-29", "missing_objects": "libero", "need_towels": 3, "additional_comments": ""}}, {"model": "Cleaner.cleanedroom", "pk": 67, "fields": {"room": 93, "date": "2024-04-29", "missing_objects": "molestiae", "need_towels": 2, "additional_comments": "Similique sapiente eaque quasi rem deserunt. Consequuntur culpa quidem."}}, {"model": "Cleaner.cleanedroom", "pk": 68, "fields": {"room": 109, "date": "2024-04-29", "missing_objects": "", "need_towels": 0, "additional_comments": ""}}, {"model": "Cleaner.cleanedroom", "pk": 69, "fields": {"room": 83, "date": "2024-04-29", "missing_objects": "", "need_towels": 4, "additional_comments": "Doloremque recusandae dicta cupiditate enim explicabo nulla. Iste nulla accusamus alias beatae impedit. Eius unde excepturi recusandae iure natus officia nostrum."}}, {"model": "Cleaner.cleanedroom", "pk": 70, "fields": {"room": 98, "date": "2024-04-29", "missing_objects": "", "need_towels": 2, "additional_comments": "Fuga necessitatibus ducimus facilis nisi minima ad. Porro possimus enim quos deserunt culpa suscipit. Aliquam voluptate atque veritatis harum nam."}}, {"model": "Cleaner.cleanedroom", "pk": 71, "fields": {"room": 98, "date": "2024-05-06", "missing_objects": "nihil", "need_towels": 0, "additional_comments": "Dolorum deleniti aliquam harum neque incidunt distinctio nesciunt. Voluptatem tempora ut iste nostrum. Et placeat molestiae amet itaque."}}, {"model": "Cleaner.cleanedroom", "pk": 72, "fields": {"room": 104, "date": "2024-05-06", "missing_objects": "alias", "need_towels": 2, "additional_comments": "Voluptate ratione minima asperiores id magnam quibusdam occaecati. Harum repellendus odit vel id unde consequatur. Corrupti assumenda totam culpa debitis at sint porro."}}, {"model": "Cleaner.cleanedroom", "pk": 73, "fields": {"room": 82, "date": "2024-05-06", "missing_objects": "", "need_towels": 3, "additional_comments": "Aliquam totam maxime repudiandae voluptas vel. Necessitatibus doloremque ratione temporibus aspernatur quam eius quod. Enim illum dicta officia."}}, {"model": "Cleaner.cleanedroom", "pk": 74, "fields": {"room": 94, "date": "2024-05-06", "missing_objects": "", "need_towels": 0, "additional_comments": ""}}, {"model": "Cleaner.cleanedroom", "pk": 75, "fields": {"room": 82, "date": "2024-05-06", "missing_objects": "", "need_towels": 0, "additional_comments": ""}}, {"model": "Cleaner.cleanedroom", "pk": 76, "fields": {"room": 93, "date": "2024-05-06", "missing_objects": "", "need_towels": 4, "additional_comments": ""}}, {"model": "Cleaner.cleanedroom", "pk": 77, "fields": {"room": 89, "date": "2024-05-06", "missing_objects": "cum", "need_towels": 4, "additional_comments": ""}}, {"model": "Cleaner.cleanedroom", "pk": 78, "fields": {"room": 92, "date": "2024-05-06", "missing_objects": "", "need_towels": 3, "additional_comments": "Quas eos nulla similique mollitia maxime nostrum. Labore consequuntur illo quaerat ea. Praesentium assumenda sint repellendus quis dignissimos doloremque."}}, {"model": "Cleaner.cleanedroom", "pk": 79, "fields": {"room": 96, "date": "2024-05-06", "missing_objects": "", "need_towels": 2, "additional_comments": ""}}, {"model": "Cleaner.cleanedroom", "pk": 80, "fields": {"room": 100, "date": "2024-05-06", "missing_objects": "vitae", "need_towels": 5, "additional_comments": ""}}, {"model": "Restaurant.restaurantreservation", "pk": 86, "fields": {"day": "2024-05-22", "num_guests": 2, "is_active": false, "client": null, "external_client": 18, "service": "Sopar", "client_arrived": false}}, {"model": "Restaurant.restaurantreservation", "pk": 87, "fields": {"day": "2024-05-19", "num_guests": 1, "is_active": true, "client": null, "external_client": 13, "service": "Sopar", "client_arrived": true}}, {"model": "Restaurant.restaurantreservation", "pk": 88, "fields": {"day": "2024-05-11", "num_guests": 4, "is_active": true, "client": 97, "external_client": null, "service": "Dinar", "client_arrived": false}}, {"model": "Restaurant.restaurantreservation", "pk": 89, "fields": {"day": "2024-05-28", "num_guests": 1, "is_active": false, "client": 101, "external_client": null, "service": "Esmorzar", "client_arrived": false}}, {"model": "Restaurant.restaurantreservation", "pk": 90, "fields": {"day": "2024-05-21", "num_guests": 5, "is_active": true, "client": null, "external_client": 16, "service": "Dinar", "client_arrived": false}}, {"model": "Restaurant.restaurantreservation", "pk": 91, "fields": {"day": "2024-05-19", "num_guests": 2, "is_active": false, "client": null, "external_client": 23, "service": "Esmorzar", "client_arrived": false}}, {"model": "Restaurant.restaurantreservation", "pk": 92, "fields": {"day": "2024-05-09", "num_guests": 4, "is_active": true, "client": null, "external_client": 18, "service": "Esmorzar", "client_arrived": false}}, {"model": "Restaurant.restaurantreservation", "pk": 93, "fields": {"day": "2024-04-29", "num_guests": 2, "is_active": false, "client": 116, "external_client": null, "service": "Dinar", "client_arrived": false}}, {"model": "Restaurant.restaurantreservation", "pk": 94, "fields": {"day": "2024-05-22", "num_guests": 2, "is_active": true, "client": null, "external_client": 25, "service": "Esmorzar", "client_arrived": false}}, {"model": "Restaurant.restaurantreservation", "pk": 95, "fields": {"day": "2024-05-16", "num_guests": 5, "is_active": true, "client": null, "external_client": 12, "service": "Esmorzar", "client_arrived": false}}, {"model": "Restaurant.restaurantreservation", "pk": 96, "fields": {"day": "2024-05-14", "num_guests": 2, "is_active": true, "client": null, "external_client": 25, "service": "Esmorzar", "client_arrived": false}}, {"model": "Restaurant.restaurantreservation", "pk": 97, "fields": {"day": "2024-05-03", "num_guests": 4, "is_active": true, "client": null, "external_client": 16, "service": "Dinar", "client_arrived": true}}, {"model": "Restaurant.restaurantreservation", "pk": 98, "fields": {"day": "2024-05-04", "num_guests": 6, "is_active": false, "client": null, "external_client": 17, "service": "Esmorzar", "client_arrived": false}}, {"model": "Restaurant.restaurantreservation", "pk": 99, "fields": {"day": "2024-05-10", "num_guests": 4, "is_active": true, "client": 116, "external_client": null, "service": "Sopar", "client_arrived": false}}, {"model": "Restaurant.restaurantreservation", "pk": 100, "fields": {"day": "2024-05-24", "num_guests": 4, "is_active": false, "client": null, "external_client": 24, "service": "Dinar", "client_arrived": false}}, {"model": "Restaurant.restaurantreservation", "pk": 101, "fields": {"day": "2024-05-09", "num_guests": 4, "is_active": true, "client": 123, "external_client": null, "service": "Dinar", "client_arrived": true}}, {"model": "Restaurant.restaurantreservation", "pk": 102, "fields": {"day": "2024-05-04", "num_guests": 5, "is_active": false, "client": 116, "external_client": null, "service": "Esmorzar", "client_arrived": false}}, {"model": "Restaurant.restaurantreservation", "pk": 103, "fields": {"day": "2024-05-03", "num_guests": 1, "is_active": true, "client": 99, "external_client": null, "service": "Dinar", "client_arrived": true}}, {"model": "Restaurant.restaurantreservation", "pk": 104, "fields": {"day": "2024-05-02", "num_guests": 1, "is_active": true, "client": 136, "external_client": null, "service": "Esmorzar", "client_arrived": true}}, {"model": "Restaurant.restaurantreservation", "pk": 105, "fields": {"day": "2024-05-27", "num_guests": 3, "is_active": true, "client": null, "external_client": 31, "service": "Sopar", "client_arrived": false}}, {"model": "Restaurant.restaurantreservation", "pk": 106, "fields": {"day": "2024-05-03", "num_guests": 4, "is_active": false, "client": null, "external_client": 32, "service": "Dinar", "client_arrived": false}}, {"model": "Restaurant.restaurantreservation", "pk": 107, "fields": {"day": "2024-05-19", "num_guests": 3, "is_active": false, "client": null, "external_client": 27, "service": "Sopar", "client_arrived": false}}, {"model": "Restaurant.restaurantreservation", "pk": 108, "fields": {"day": "2024-05-01", "num_guests": 5, "is_active": false, "client": 139, "external_client": null, "service": "Dinar", "client_arrived": false}}, {"model": "Restaurant.restaurantreservation", "pk": 109, "fields": {"day": "2024-05-17", "num_guests": 5, "is_active": false, "client": null, "external_client": 15, "service": "Sopar", "client_arrived": false}}, {"model": "Restaurant.restaurantreservation", "pk": 110, "fields": {"day": "2024-05-26", "num_guests": 4, "is_active": false, "client": null, "external_client": 21, "service": "Dinar", "client_arrived": false}}, {"model": "Restaurant.restaurantreservation", "pk": 111, "fields": {"day": "2024-04-30", "num_guests": 4, "is_active": false, "client": null, "external_client": 33, "service": "Dinar", "client_arrived": false}}, {"model": "Restaurant.restaurantreservation", "pk": 112, "fields": {"day": "2024-05-29", "num_guests": 4, "is_active": false, "client": null, "external_client": 30, "service": "Dinar", "client_arrived": false}}, {"model": "Restaurant.restaurantreservation", "pk": 113, "fields": {"day": "2024-05-18", "num_guests": 2, "is_active": false, "client": 99, "external_client": null, "service": "Dinar", "client_arrived": false}}, {"model": "Restaurant.restaurantreservation", "pk": 114, "fields": {"day": "2024-05-09", "num_guests": 2, "is_active": false, "client": null, "external_client": 13, "service": "Sopar", "client_arrived": false}}, {"model": "Restaurant.restaurantreservation", "pk": 115, "fields": {"day": "2024-05-17", "num_guests": 4, "is_active": false, "client": null, "external_client": 38, "service": "Sopar", "client_arrived": false}}, {"model": "Restaurant.restaurantreservation", "pk": 116, "fields": {"day": "2024-05-29", "num_guests": 2, "is_active": false, "client": null, "external_client": 22, "service": "Esmorzar", "client_arrived": false}}, {"model": "Restaurant.restaurantreservation", "pk": 117, "fields": {"day": "2024-05-27", "num_guests": 2, "is_active": true, "client": null, "external_client": 22, "service": "Sopar", "client_arrived": false}}, {"model": "Restaurant.restaurantreservation", "pk": 118, "fields": {"day": "2024-05-09", "num_guests": 4, "is_active": false, "client": 97, "external_client": null, "service": "Esmorzar", "client_arrived": false}}, {"model": "Restaurant.restaurantreservation", "pk": 119, "fields": {"day": "2024-05-04", "num_guests": 3, "is_active": true, "client": null, "external_client": 28, "service": "Esmorzar", "client_arrived": true}}, {"model": "Restaurant.restaurantreservation", "pk": 120, "fields": {"day": "2024-05-26", "num_guests": 5, "is_active": true, "client": null, "external_client": 33, "service": "Esmorzar", "client_arrived": true}}, {"model": "Restaurant.restaurantreservation", "pk": 121, "fields": {"day": "2024-05-18", "num_guests": 5, "is_active": false, "client": null, "external_client": 33, "service": "Esmorzar", "client_arrived": false}}, {"model": "Restaurant.restaurantreservation", "pk": 122, "fields": {"day": "2024-05-18", "num_guests": 3, "is_active": false, "client": null, "external_client": 31, "service": "Esmorzar", "client_arrived": false}}, {"model": "Restaurant.restaurantreservation", "pk": 123, "fields": {"day": "2024-05-11", "num_guests": 3, "is_active": false, "client": null, "external_client": 30, "service": "Sopar", "client_arrived": false}}, {"model": "Restaurant.externalrestaurantclient", "pk": 9, "fields": {"first_name": "Haydée", "last_name": "Gual", "email": "somozainigo@example.com", "phone_number": "+34 985 708 348"}}, {"model": "Restaurant.externalrestaurantclient", "pk": 10, "fields": {"first_name": "Amador", "last_name": "Quiroga Calderon", "email": "elisa38@example.com", "phone_number": "+34922746398"}}, {"model": "Restaurant.externalrestaurantclient", "pk": 11, "fields": {"first_name": "Alejo", "last_name": "Pineda Figueras", "email": "dionisio94@example.com", "phone_number": "+34872 140 996"}}, {"model": "Restaurant.externalrestaurantclient", "pk": 12, "fields": {"first_name": "Cesar", "last_name": "Prieto", "email": "josepbanos@example.com", "phone_number": "+34947719135"}}, {"model": "Restaurant.externalrestaurantclient", "pk": 13, "fields": {"first_name": "María", "last_name": "Pavón Olmo", "email": "desiderio47@example.com", "phone_number": "+34 902580026"}}, {"model": "Restaurant.externalrestaurantclient", "pk": 14, "fields": {"first_name": "Eulalia", "last_name": "Román", "email": "grauaitor@example.com", "phone_number": "+34982 443 764"}}, {"model": "Restaurant.externalrestaurantclient", "pk": 15, "fields": {"first_name": "Celestino", "last_name": "Bermejo Acuña", "email": "garmendiaandres@example.com", "phone_number": "+34910022790"}}, {"model": "Restaurant.externalrestaurantclient", "pk": 16, "fields": {"first_name": "Hilda", "last_name": "Patiño Vilar", "email": "rosalinabarriga@example.org", "phone_number": "+34 950 32 71 48"}}, {"model": "Restaurant.externalrestaurantclient", "pk": 17, "fields": {"first_name": "Benigna", "last_name": "Villegas", "email": "desideriocuadrado@example.com", "phone_number": "+34 977 598 735"}}, {"model": "Restaurant.externalrestaurantclient", "pk": 18, "fields": {"first_name": "Américo", "last_name": "Miguel Bolaños", "email": "juradocecilio@example.org", "phone_number": "+34 920 47 64 72"}}, {"model": "Restaurant.externalrestaurantclient", "pk": 19, "fields": {"first_name": "Eufemia", "last_name": "Borrego Alcalde", "email": "jmelero@example.net", "phone_number": "+34 828 249 626"}}, {"model": "Restaurant.externalrestaurantclient", "pk": 20, "fields": {"first_name": "Ignacia", "last_name": "Quero Belda", "email": "eutropiofabregat@example.org", "phone_number": "+34 878453156"}}, {"model": "Restaurant.externalrestaurantclient", "pk": 21, "fields": {"first_name": "Elodia", "last_name": "Barros", "email": "humbertoreguera@example.com", "phone_number": "+34927 53 23 23"}}, {"model": "Restaurant.externalrestaurantclient", "pk": 22, "fields": {"first_name": "Armando", "last_name": "Aller Arellano", "email": "ougarte@example.org", "phone_number": "+34 944 76 64 06"}}, {"model": "Restaurant.externalrestaurantclient", "pk": 23, "fields": {"first_name": "Ángel", "last_name": "Goicoechea Carretero", "email": "ucespedes@example.net", "phone_number": "+34844 72 02 91"}}, {"model": "Restaurant.externalrestaurantclient", "pk": 24, "fields": {"first_name": "Adrián", "last_name": "Toledo Carbajo", "email": "reciocandelaria@example.com", "phone_number": "+34 845 308 222"}}, {"model": "Restaurant.externalrestaurantclient", "pk": 25, "fields": {"first_name": "Jenny", "last_name": "Real", "email": "zcabrera@example.com", "phone_number": "+34 969 969 454"}}, {"model": "Restaurant.externalrestaurantclient", "pk": 26, "fields": {"first_name": "Ciro", "last_name": "Montserrat Vicens", "email": "patriciopaz@example.org", "phone_number": "+34 826 282 087"}}, {"model": "Restaurant.externalrestaurantclient", "pk": 27, "fields": {"first_name": "Luisina", "last_name": "Berrocal Izquierdo", "email": "macaria02@example.com", "phone_number": "+34874 971 011"}}, {"model": "Restaurant.externalrestaurantclient", "pk": 28, "fields": {"first_name": "Pepita", "last_name": "Luna Checa", "email": "gironsancho@example.org", "phone_number": "+34 986796789"}}, {"model": "Restaurant.externalrestaurantclient", "pk": 29, "fields": {"first_name": "Aníbal", "last_name": "Casals Osorio", "email": "severino46@example.org", "phone_number": "+34 882 095 272"}}, {"model": "Restaurant.externalrestaurantclient", "pk": 30, "fields": {"first_name": "José María", "last_name": "Santana Romeu", "email": "polojordan@example.net", "phone_number": "+34942823720"}}, {"model": "Restaurant.externalrestaurantclient", "pk": 31, "fields": {"first_name": "Nazaret", "last_name": "Puente Montalbán", "email": "maria-josenunez@example.com", "phone_number": "+34 981 39 37 68"}}, {"model": "Restaurant.externalrestaurantclient", "pk": 32, "fields": {"first_name": "Alma", "last_name": "Batalla", "email": "poncio90@example.org", "phone_number": "+34924175561"}}, {"model": "Restaurant.externalrestaurantclient", "pk": 33, "fields": {"first_name": "Eusebia", "last_name": "Seco", "email": "eliasamo@example.com", "phone_number": "+34843527102"}}, {"model": "Restaurant.externalrestaurantclient", "pk": 34, "fields": {"first_name": "Baltasar", "last_name": "Arnaiz", "email": "camarateofila@example.org", "phone_number": "+34884 885 865"}}, {"model": "Restaurant.externalrestaurantclient", "pk": 35, "fields": {"first_name": "Marita", "last_name": "Cadenas Cid", "email": "santiagowalter@example.com", "phone_number": "+34844 803 968"}}, {"model": "Restaurant.externalrestaurantclient", "pk": 36, "fields": {"first_name": "Eusebia", "last_name": "Bueno Haro", "email": "eugenio37@example.com", "phone_number": "+34 888 71 92 84"}}, {"model": "Restaurant.externalrestaurantclient", "pk": 37, "fields": {"first_name": "Teo", "last_name": "Requena", "email": "galvezpascual@example.org", "phone_number": "+34841 941 407"}}, {"model": "Restaurant.externalrestaurantclient", "pk": 38, "fields": {"first_name": "Isaías", "last_name": "Barco Figuerola", "email": "vsanchez@example.org", "phone_number": "+34879115475"}}]